timestamp,ch1 (µV),event
6.9900,27.54,0
6.9950,27.54,0
7.0000,27.54,0
7.0050,27.54,0
7.0100,34.86,0
7.0150,-21.81,0
7.0200,-28.56,0
7.0250,-42.35,0
7.0300,-42.35,0
7.0350,-0.39,0
7.0400,-0.39,0
7.0450,36.36,0
7.0500,-0.39,0
7.0550,43.27,0
7.0600,53.34,0
7.0650,35.50,0
7.0700,13.50,0
7.0750,35.50,0
7.0800,-1.74,0
7.0850,-1.74,0
7.0900,-18.62,0
7.0950,-18.62,0
7.1000,48.30,0
7.1050,48.30,0
7.1100,32.48,0
7.1150,-0.84,0
7.1200,-0.84,0
7.1250,-15.85,0
7.1300,-15.85,0
7.1350,-30.68,0
7.1400,-30.68,0
7.1450,-30.68,0
7.1500,-30.68,0
7.1550,-1.13,0
7.1600,-1.13,0
7.1650,-13.36,0
7.1700,-13.36,0
7.1750,-27.31,0
7.1800,-27.31,0
7.1850,23.20,0
7.1900,23.20,0
7.1950,-0.63,0
7.2000,-0.63,0
7.2050,-9.12,0
7.2100,-9.12,0
7.2150,35.21,0
7.2200,35.21,0
7.2250,23.89,0
7.2300,23.89,0
7.2350,23.89,0
7.2400,23.89,0
7.2450,-0.86,0
7.2500,-0.86,0
7.2550,-18.52,0
7.2600,-18.20,0
7.2650,-18.20,0
7.2700,-18.20,0
7.2750,-18.20,0
7.2800,1.49,0
7.2850,-4.89,0
7.2900,-4.89,0
7.2950,-4.89,0
7.3000,-14.94,0
7.3050,55.94,0
7.3100,16.85,0
7.3150,24.97,0
7.3200,-28.90,0
7.3250,24.97,0
7.3300,24.97,0
7.3350,3.78,0
7.3400,3.78,0
7.3450,15.81,0
7.3500,15.81,0
7.3550,-14.58,0
7.3600,-14.58,0
7.3650,-14.58,0
7.3700,-10.23,0
7.3750,-4.53,0
7.3800,-4.53,0
7.3850,3.78,0
7.3900,20.60,0
7.3950,20.60,0
7.4000,-15.48,0
7.4050,-15.48,0
7.4100,-4.65,0
7.4150,2.50,0
7.4200,2.50,0
7.4250,2.50,0
7.4300,2.50,0
7.4350,2.50,0
7.4400,-30.59,0
7.4450,-30.59,0
7.4500,34.71,0
7.4550,20.60,0
7.4600,8.26,0
7.4650,24.84,0
7.4700,24.84,0
7.4750,24.84,0
7.4800,24.84,0
7.4850,42.02,0
7.4900,-14.52,0
7.4950,26.16,0
7.5000,-17.08,0
7.5050,-21.84,0
7.5100,28.09,0
7.5150,-33.41,0
7.5200,-33.41,0
7.5250,27.41,0
7.5300,-33.41,0
7.5350,-33.41,0
7.5400,-33.41,0
7.5450,-33.41,0
7.5500,-21.37,0
7.5550,-32.93,0
7.5600,-32.93,0
7.5650,45.59,0
7.5700,45.59,0
7.5750,45.59,0
7.5800,45.59,0
7.5850,8.94,0
7.5900,8.94,0
7.5950,24.31,0
7.6000,24.31,0
7.6050,42.74,0
7.6100,42.74,0
7.6150,-21.73,0
7.6200,-21.73,0
7.6250,8.07,0
7.6300,8.07,0
7.6350,25.08,0
7.6400,25.08,0
7.6450,-17.57,0
7.6500,-35.80,0
7.6550,-19.01,0
7.6600,45.59,0
7.6650,11.33,0
7.6700,11.33,0
7.6750,26.10,0
7.6800,26.10,0
7.6850,-31.98,0
7.6900,-31.98,0
7.6950,45.90,0
7.7000,14.42,0
7.7050,13.18,0
7.7100,13.18,0
7.7150,25.31,0
7.7200,25.31,0
7.7250,45.81,0
7.7300,45.81,0
7.7350,-21.20,0
7.7400,-21.20,0
7.7450,12.93,0
7.7500,12.93,0
7.7550,25.46,0
7.7600,44.72,0
7.7650,-34.99,0
7.7700,-34.99,0
7.7750,-20.56,0
7.7800,-20.56,0
7.7850,-20.56,0
7.7900,-20.56,0
7.7950,11.32,0
7.8000,11.32,0
7.8050,43.41,0
7.8100,43.41,0
7.8150,43.41,0
7.8200,43.41,0
7.8250,11.47,0
7.8300,44.85,0
7.8350,23.40,0
7.8400,-34.99,0
7.8450,-33.46,0
7.8500,-33.46,0
7.8550,45.61,0
7.8600,-2.43,0
7.8650,-24.29,0
7.8700,-24.29,0
7.8750,21.44,0
7.8800,-38.33,0
7.8850,-31.36,0
7.8900,-31.36,0
7.8950,37.03,0
7.9000,-31.36,0
7.9050,-24.14,0
7.9100,-24.14,0
7.9150,14.13,0
7.9200,-4.71,0
7.9250,-35.04,0
7.9300,-35.04,0
7.9350,-35.04,0
7.9400,-35.04,0
7.9450,-35.04,0
7.9500,14.43,0
7.9550,14.43,0
7.9600,-2.41,0
7.9650,21.62,0
7.9700,21.62,0
7.9750,14.13,0
7.9800,46.19,0
7.9850,46.19,0
7.9900,46.19,0
7.9950,46.19,0
8.0000,20.75,0
8.0050,20.75,0
8.0100,-39.79,0
8.0150,-39.79,0
8.0200,-26.37,0
8.0250,-26.37,0
8.0300,14.70,0
8.0350,14.70,0
8.0400,14.70,0
8.0450,22.65,0
8.0500,22.65,0
8.0550,51.06,0
8.0600,51.06,0
8.0650,51.06,0
8.0700,51.06,0
8.0750,51.06,0
8.0800,51.06,0
8.0850,17.26,0
8.0900,55.04,0
8.0950,55.04,0
8.1000,-32.45,0
8.1050,-29.43,0
8.1100,-29.43,0
8.1150,-29.43,0
8.1200,-29.43,0
8.1250,-29.43,0
8.1300,-29.43,0
8.1350,38.08,0
8.1400,38.08,0
8.1450,-9.92,0
8.1500,-9.92,0
8.1550,41.34,0
8.1600,41.34,0
8.1650,36.62,0
8.1700,36.62,0
8.1750,36.62,0
8.1800,-9.13,0
8.1850,-9.13,0
8.1900,-9.13,0
8.1950,39.08,0
8.2000,39.08,0
8.2050,36.59,0
8.2100,36.59,0
8.2150,-7.09,0
8.2200,-7.09,0
8.2250,-7.09,0
8.2300,17.41,0
8.2350,-7.09,0
8.2400,-30.35,0
8.2450,-30.35,0
8.2500,-30.35,0
8.2550,46.96,0
8.2600,-3.19,0
8.2650,-3.19,0
8.2700,-3.19,0
8.2750,-3.19,0
8.2800,-3.19,0
8.2850,-5.93,0
8.2900,34.48,0
8.2950,30.78,0
8.3000,30.78,0
8.3050,-6.45,0
8.3100,-6.45,0
8.3150,-6.45,0
8.3200,36.76,0
8.3250,36.76,0
8.3300,30.28,0
8.3350,30.28,0
8.3400,28.89,0
8.3450,-3.28,0
8.3500,15.18,0
8.3550,30.97,0
8.3600,30.97,0
8.3650,-26.08,0
8.3700,-26.08,0
8.3750,-4.70,0
8.3800,27.82,0
8.3850,-1.62,0
8.3900,-1.62,0
8.3950,-1.62,0
8.4000,-1.62,0
8.4050,-23.60,0
8.4100,-23.60,0
8.4150,26.03,0
8.4200,-4.18,0
8.4250,-4.74,0
8.4300,-5.12,0
8.4350,-5.12,0
8.4400,-5.12,0
8.4450,-5.12,0
8.4500,28.74,0
8.4550,28.74,0
8.4600,-1.24,0
8.4650,-1.24,0
8.4700,0.84,0
8.4750,0.84,0
8.4800,-25.06,0
8.4850,-25.06,0
8.4900,25.43,0
8.4950,25.43,0
8.5000,25.43,0
8.5050,25.43,0
8.5100,-1.48,0
8.5150,-1.48,0
8.5200,-1.48,0
8.5250,-1.48,0
8.5300,-1.48,0
8.5350,-24.23,0
8.5400,-24.23,0
8.5450,-3.41,0
8.5500,-3.41,0
8.5550,-3.41,0
8.5600,28.40,0
8.5650,28.40,0
8.5700,31.21,0
8.5750,31.21,0
8.5800,-5.72,0
8.5850,-29.29,0
8.5900,-4.07,0
8.5950,-30.58,0
8.6000,-26.25,0
8.6050,-26.25,0
8.6100,-26.25,0
8.6150,-26.25,0
8.6200,-2.48,0
8.6250,-2.48,0
8.6300,-4.60,0
8.6350,-4.60,0
8.6400,-26.84,0
8.6450,-26.84,0
8.6500,25.04,0
8.6550,25.04,0
8.6600,25.04,0
8.6650,25.04,0
8.6700,25.04,0
8.6750,-2.80,0
8.6800,-2.80,0
8.6850,27.35,0
8.6900,27.35,0
8.6950,27.34,0
8.7000,27.34,0
8.7050,-3.24,0
8.7100,-3.24,0
8.7150,-3.24,0
8.7200,-3.24,0
8.7250,-3.24,0
8.7300,-24.80,0
8.7350,-24.80,0
8.7400,-3.13,0
8.7450,-3.13,0
8.7500,-3.05,0
8.7550,-3.05,0
8.7600,35.17,0
8.7650,-3.05,0
8.7700,30.94,0
8.7750,30.94,0
8.7800,27.62,0
8.7850,27.62,0
8.7900,-3.96,0
8.7950,-3.96,0
8.8000,27.89,0
8.8050,27.89,0
8.8100,27.89,0
8.8150,-20.08,0
8.8200,24.82,0
8.8250,24.82,0
8.8300,-5.56,0
8.8350,-5.56,0
8.8400,27.97,0
8.8450,27.97,0
8.8500,-21.65,0
8.8550,-24.76,0
8.8600,29.15,0
8.8650,29.15,0
8.8700,-2.63,0
8.8750,-2.63,0
8.8800,-2.63,0
8.8850,-2.63,0
8.8900,-4.07,0
8.8950,-2.63,0
8.9000,-23.11,0
8.9050,-23.11,0
8.9100,-23.11,0
8.9150,-4.57,0
8.9200,29.52,0
8.9250,29.52,0
8.9300,29.52,0
8.9350,29.52,0
8.9400,27.37,0
8.9450,27.37,0
8.9500,32.00,0
8.9550,32.00,0
8.9600,-16.74,0
8.9650,-16.74,0
8.9700,-16.74,0
8.9750,-16.74,0
8.9800,27.96,0
8.9850,-16.74,0
8.9900,34.38,0
8.9950,34.38,0
9.0000,34.38,0
9.0050,34.38,0
9.0100,14.54,0
9.0150,14.54,0
9.0200,-18.74,0
9.0250,-18.74,0
9.0300,34.31,0
9.0350,34.31,0
9.0400,-17.48,0
9.0450,-17.48,0
9.0500,14.79,0
9.0550,14.79,0
9.0600,10.26,0
9.0650,10.26,0
9.0700,35.50,0
9.0750,35.50,0
9.0800,35.50,0
9.0850,-15.86,0
9.0900,15.24,0
9.0950,15.24,0
9.1000,-35.73,0
9.1050,-18.06,0
9.1100,-19.52,0
9.1150,-2.57,0
9.1200,-19.52,0
9.1250,-15.64,0
9.1300,-15.64,0
9.1350,14.29,0
9.1400,-19.25,0
9.1450,-19.25,0
9.1500,-19.25,0
9.1550,29.23,0
9.1600,-0.06,0
9.1650,33.94,0
9.1700,37.72,0
9.1750,16.86,0
9.1800,16.86,0
9.1850,-19.00,0
9.1900,14.02,0
9.1950,33.20,0
9.2000,33.90,0
9.2050,-17.00,0
9.2100,-17.00,0
9.2150,-3.13,0
9.2200,26.42,0
9.2250,-17.00,0
9.2300,-17.00,0
9.2350,-18.42,0
9.2400,-18.42,0
9.2450,-16.92,0
9.2500,-16.92,0
9.2550,14.26,0
9.2600,14.26,0
9.2650,13.24,0
9.2700,-15.46,0
9.2750,-15.46,0
9.2800,-1.21,0
9.2850,35.35,0
9.2900,35.35,0
9.2950,13.93,0
9.3000,13.93,0
9.3050,13.93,0
9.3100,13.93,0
9.3150,-14.95,0
9.3200,-15.40,0
9.3250,-15.40,0
9.3300,-15.40,0
9.3350,-15.40,0
9.3400,-15.40,0
9.3450,14.48,0
9.3500,27.16,0
9.3550,-20.00,0
9.3600,-15.95,0
9.3650,-15.95,0
9.3700,15.01,0
9.3750,15.01,0
9.3800,15.01,0
9.3850,15.01,0
9.3900,-17.13,0
9.3950,-17.13,0
9.4000,32.20,0
9.4050,32.20,0
9.4100,12.68,0
9.4150,12.68,0
9.4200,12.68,0
9.4250,12.68,0
9.4300,12.68,0
9.4350,14.56,0
9.4400,13.06,0
9.4450,-14.87,0
9.4500,33.50,0
9.4550,14.75,0
9.4600,-16.34,0
9.4650,13.63,0
9.4700,13.63,0
9.4750,-19.81,0
9.4800,-15.76,0
9.4850,-19.81,0
9.4900,-16.13,0
9.4950,-16.13,0
9.5000,13.89,0
9.5050,13.89,0
9.5100,13.89,0
9.5150,11.10,0
9.5200,11.10,0
9.5250,33.10,0
9.5300,33.10,0
9.5350,-0.93,0
9.5400,-5.28,0
9.5450,14.59,0
9.5500,14.59,0
9.5550,14.59,0
9.5600,14.59,0
9.5650,37.61,0
9.5700,13.35,0
9.5750,-17.81,0
9.5800,-17.81,0
9.5850,-20.81,0
9.5900,16.00,0
9.5950,9.74,0
9.6000,9.74,0
9.6050,-15.80,0
9.6100,-20.81,0
9.6150,-15.81,0
9.6200,-15.81,0
9.6250,-15.81,0
9.6300,-15.81,0
9.6350,13.98,0
9.6400,26.32,0
9.6450,33.22,0
9.6500,33.22,0
9.6550,33.22,0
9.6600,33.22,0
9.6650,12.93,0
9.6700,11.84,0
9.6750,11.84,0
9.6800,36.44,0
9.6850,36.44,0
9.6900,-18.17,0
9.6950,-18.17,0
9.7000,-18.17,0
9.7050,11.68,0
9.7100,11.68,0
9.7150,11.68,0
9.7200,11.68,0
9.7250,-18.50,0
9.7300,-18.50,0
9.7350,-17.31,0
9.7400,-17.31,0
9.7450,14.52,0
9.7500,14.52,0
9.7550,12.61,0
9.7600,12.61,0
9.7650,-17.32,0
9.7700,-17.32,0
9.7750,-2.13,0
9.7800,-2.13,0
9.7850,30.04,0
9.7900,30.04,0
9.7950,-24.82,0
9.8000,-2.54,0
9.8050,-2.54,0
9.8100,-2.54,0
9.8150,-6.28,0
9.8200,-6.28,0
9.8250,31.29,0
9.8300,31.29,0
9.8350,-24.35,0
9.8400,-4.35,0
9.8450,-4.35,0
9.8500,-0.42,0
9.8550,-0.42,0
9.8600,29.60,0
9.8650,29.60,0
9.8700,29.60,0
9.8750,-20.89,0
9.8800,-20.89,0
9.8850,-20.89,0
9.8900,-20.89,0
9.8950,-5.34,0
9.9000,-5.34,0
9.9050,33.84,0
9.9100,33.84,0
9.9150,-21.65,0
9.9200,-21.65,0
9.9250,26.31,0
9.9300,26.31,0
9.9350,-0.08,0
9.9400,13.45,0
9.9450,29.80,0
9.9500,29.80,0
9.9550,-26.78,0
9.9600,-26.78,0
9.9650,-26.78,0
9.9700,-26.78,0
9.9750,-26.78,0
9.9800,-26.78,0
9.9850,27.25,0
9.9900,27.25,0
9.9950,-21.11,0
10.0000,-21.11,0
10.0050,29.58,0
10.0100,29.58,0
10.0150,-5.53,0
10.0200,-1.82,0
10.0250,28.97,0
10.0300,28.97,0
10.0350,28.97,0
10.0400,28.97,0
10.0450,-20.59,0
10.0500,-4.51,0
10.0550,34.65,0
10.0600,-4.51,0
10.0650,28.07,0
10.0700,28.43,0
10.0750,-27.25,0
10.0800,-27.25,0
10.0850,26.72,0
10.0900,26.72,0
10.0950,26.72,0
10.1000,-5.40,0
10.1050,-5.40,0
10.1100,-5.40,0
10.1150,-23.75,0
10.1200,-23.75,0
10.1250,25.09,0
10.1300,37.93,0
10.1350,-4.67,0
10.1400,-4.67,0
10.1450,-1.99,0
10.1500,-1.99,0
10.1550,32.08,0
10.1600,25.98,0
10.1650,25.98,0
10.1700,25.98,0
10.1750,25.98,0
10.1800,25.98,0
10.1850,-1.99,0
10.1900,-1.99,0
10.1950,28.44,0
10.2000,-22.44,0
10.2050,-22.44,0
10.2100,-22.44,0
10.2150,-4.65,0
10.2200,-4.65,0
10.2250,-7.24,0
10.2300,-7.24,0
10.2350,-22.14,0
10.2400,-22.14,0
10.2450,-22.44,0
10.2500,11.45,0
10.2550,1.97,0
10.2600,29.63,0
10.2650,-5.54,0
10.2700,-5.54,0
10.2750,29.86,0
10.2800,29.86,0
10.2850,28.69,0
10.2900,28.69,0
10.2950,-1.46,0
10.3000,-1.46,0
10.3050,-22.05,0
10.3100,-3.04,0
10.3150,32.22,0
10.3200,32.22,0
10.3250,-23.53,0
10.3300,-23.53,0
10.3350,-23.53,0
10.3400,-23.53,0
10.3450,24.26,0
10.3500,-21.55,0
10.3550,-21.55,0
10.3600,-21.55,0
10.3650,-21.55,0
10.3700,26.02,0
10.3750,-18.83,0
10.3800,-6.72,0
10.3850,-6.72,0
10.3900,31.12,0
10.3950,31.12,0
10.4000,31.12,0
10.4050,31.12,0
10.4100,31.12,0
10.4150,31.12,0
10.4200,32.18,0
10.4250,31.12,0
10.4300,-2.30,0
10.4350,-2.30,0
10.4400,-2.30,0
10.4450,-15.32,0
10.4500,-26.27,0
10.4550,-2.39,0
10.4600,12.77,0
10.4650,-4.57,0
10.4700,-4.57,0
10.4750,-4.57,0
10.4800,-22.85,0
10.4850,-22.85,0
10.4900,-22.85,0
10.4950,22.93,0
10.5000,-5.43,0
10.5050,-5.43,0
10.5100,-5.43,0
10.5150,29.35,0
10.5200,29.35,0
10.5250,29.35,0
10.5300,29.35,0
10.5350,29.35,0
10.5400,-2.79,0
10.5450,-2.79,0
10.5500,29.40,0
10.5550,29.40,0
10.5600,-23.59,0
10.5650,-23.59,0
10.5700,24.72,0
10.5750,24.72,0
10.5800,0.57,0
10.5850,35.04,0
10.5900,-15.73,0
10.5950,-15.73,0
10.6000,8.19,0
10.6050,8.19,0
10.6100,-20.70,0
10.6150,-20.70,0
10.6200,-14.40,0
10.6250,31.27,0
10.6300,31.27,0
10.6350,-12.60,0
10.6400,-12.60,0
10.6450,9.61,0
10.6500,9.61,0
10.6550,15.90,0
10.6600,15.90,0
10.6650,31.19,0
10.6700,31.19,0
10.6750,-14.21,0
10.6800,-14.21,0
10.6850,15.58,0
10.6900,15.58,0
10.6950,15.58,0
10.7000,15.58,0
10.7050,15.58,0
10.7100,15.58,0
10.7150,-10.53,0
10.7200,10.08,0
10.7250,32.23,0
10.7300,-21.00,0
10.7350,-21.00,0
10.7400,29.55,0
10.7450,29.55,0
10.7500,-8.21,0
10.7550,-8.21,0
10.7600,10.88,0
10.7650,10.88,0
10.7700,18.26,0
10.7750,22.73,0
10.7800,33.18,0
10.7850,8.32,0
10.7900,33.18,0
10.7950,-12.78,0
10.8000,-12.78,0
10.8050,7.22,0
10.8100,7.22,0
10.8150,-20.24,0
10.8200,-20.24,0
10.8250,-20.24,0
10.8300,-20.24,0
10.8350,-20.24,0
10.8400,-20.24,0
10.8450,-10.38,0
10.8500,-22.42,0
10.8550,-22.42,0
10.8600,8.54,0
10.8650,-1.05,0
10.8700,-22.42,0
10.8750,7.22,0
10.8800,9.30,0
10.8850,9.30,0
10.8900,22.00,0
10.8950,17.29,0
10.9000,-20.57,0
10.9050,-20.57,0
10.9100,34.49,0
10.9150,34.49,0
10.9200,-7.84,0
10.9250,-7.84,0
10.9300,-7.84,0
10.9350,18.53,0
10.9400,18.53,0
10.9450,18.53,0
10.9500,-18.88,0
10.9550,-18.88,0
10.9600,-21.61,0
10.9650,33.91,0
10.9700,33.91,0
10.9750,-21.58,0
10.9800,-21.58,0
10.9850,-7.65,0
10.9900,-21.58,0
10.9950,29.18,0
11.0000,29.18,0
11.0050,8.74,0
11.0100,8.74,0
11.0150,20.06,0
11.0200,20.06,0
11.0250,-24.48,0
11.0300,-24.48,0
11.0350,29.86,0
11.0400,24.94,0
11.0450,-11.78,0
11.0500,-11.78,0
11.0550,20.08,0
11.0600,20.08,0
11.0650,-20.64,0
11.0700,-20.64,0
11.0750,-21.58,0
11.0800,32.04,0
11.0850,-11.54,0
11.0900,-11.54,0
11.0950,6.31,0
11.1000,6.31,0
11.1050,-25.35,0
11.1100,30.96,0
11.1150,35.77,0
11.1200,-13.22,0
11.1250,-13.22,0
11.1300,8.70,0
11.1350,8.70,0
11.1400,24.57,0
11.1450,24.57,0
11.1500,-13.07,0
11.1550,29.42,0
11.1600,29.42,0
11.1650,-10.59,0
11.1700,-10.59,0
11.1750,22.75,0
11.1800,22.75,0
11.1850,-20.68,0
11.1900,-20.68,0
11.1950,-20.68,0
11.2000,-8.38,0
11.2050,-8.38,0
11.2100,-23.96,0
11.2150,4.68,0
11.2200,-25.65,0
11.2250,-25.65,0
11.2300,30.48,0
11.2350,30.48,0
11.2400,-9.50,0
11.2450,-9.50,0
11.2500,-9.50,0
11.2550,9.87,0
11.2600,9.87,0
11.2650,22.41,0
11.2700,22.41,0
11.2750,30.67,0
11.2800,5.34,0
11.2850,-11.88,0
11.2900,-11.88,0
11.2950,5.44,0
11.3000,5.44,0
11.3050,23.94,0
11.3100,23.94,0
11.3150,-21.54,0
11.3200,-21.54,0
11.3250,-21.54,0
11.3300,-21.54,0
11.3350,-9.32,0
11.3400,22.47,0
11.3450,-27.73,0
11.3500,-27.73,0
11.3550,30.10,0
11.3600,30.10,0
11.3650,30.10,0
11.3700,30.10,0
11.3750,4.51,0
11.3800,-21.54,0
11.3850,23.10,0
11.3900,23.10,0
11.3950,23.10,0
11.4000,23.10,0
11.4050,23.10,0
11.4100,23.10,0
11.4150,23.10,0
11.4200,-10.84,0
11.4250,44.75,0
11.4300,-10.84,0
11.4350,6.68,0
11.4400,6.68,0
11.4450,-14.53,0
11.4500,-14.53,0
11.4550,-22.49,0
11.4600,-22.49,0
11.4650,19.21,0
11.4700,19.21,0
11.4750,19.21,0
11.4800,-12.68,0
11.4850,-12.68,0
11.4900,34.91,0
11.4950,34.91,0
11.5000,-18.01,0
11.5050,-18.01,0
11.5100,8.48,0
11.5150,-22.49,0
11.5200,8.48,0
11.5250,8.48,0
11.5300,35.41,0
11.5350,35.41,0
11.5400,-19.60,0
11.5450,-19.60,0
11.5500,-12.68,0
11.5550,8.36,0
11.5600,8.36,0
11.5650,8.36,0
11.5700,8.36,0
11.5750,8.36,0
11.5800,-19.00,0
11.5850,-19.00,0
11.5900,-24.41,0
11.5950,20.26,0
11.6000,20.26,0
11.6050,-15.73,0
11.6100,9.62,0
11.6150,34.08,0
11.6200,34.08,0
11.6250,-15.58,0
11.6300,-15.58,0
11.6350,18.77,0
11.6400,18.77,0
11.6450,10.07,0
11.6500,10.07,0
11.6550,20.30,0
11.6600,-23.72,0
11.6650,-23.72,0
11.6700,-23.72,0
11.6750,20.03,0
11.6800,20.03,0
11.6850,-15.78,0
11.6900,3.73,0
11.6950,-15.78,0
11.7000,-19.46,0
11.7050,-19.46,0
11.7100,-19.46,0
11.7150,17.36,0
11.7200,3.73,0
11.7250,10.26,0
11.7300,31.12,0
11.7350,31.12,0
11.7400,31.12,0
11.7450,31.12,0
11.7500,31.12,0
11.7550,14.80,0
11.7600,14.80,0
11.7650,14.80,0
11.7700,10.08,0
11.7750,14.80,0
11.7800,14.80,0
11.7850,14.80,0
11.7900,10.43,0
11.7950,28.29,0
11.8000,11.65,0
11.8050,11.00,0
11.8100,-4.02,0
11.8150,11.00,0
11.8200,11.00,0
11.8250,20.40,0
11.8300,33.51,0
11.8350,15.67,0
11.8400,15.67,0
11.8450,15.67,0
11.8500,15.67,0
11.8550,15.67,0
11.8600,15.67,0
11.8650,15.67,0
11.8700,15.67,0
11.8750,-17.43,0
11.8800,-17.43,0
11.8850,12.02,0
11.8900,12.02,0
11.8950,-14.19,0
11.9000,-14.19,0
11.9050,35.63,0
11.9100,35.63,0
11.9150,-13.77,0
11.9200,-13.77,0
11.9250,13.30,0
11.9300,-17.69,0
11.9350,32.19,0
11.9400,-17.69,0
11.9450,-17.69,0
11.9500,34.41,0
11.9550,27.24,0
11.9600,-7.80,0
11.9650,12.55,0
11.9700,-22.00,0
11.9750,-22.00,0
11.9800,31.31,0
11.9850,31.31,0
11.9900,-18.79,0
11.9950,-18.79,0
12.0000,12.79,1
12.0050,12.79,0
12.0100,12.79,0
12.0150,12.79,0
12.0200,36.83,0
12.0250,18.86,0
12.0300,-14.31,0
12.0350,-14.31,0
12.0400,12.90,0
12.0450,12.90,0
12.0500,-19.46,0
12.0550,-19.46,0
12.0600,-19.46,0
12.0650,-19.46,0
12.0700,-16.64,0
12.0750,-16.64,0
12.0800,13.07,0
12.0850,13.07,0
12.0900,-19.07,0
12.0950,35.34,0
12.1000,35.34,0
12.1050,35.34,0
12.1100,35.34,0
12.1150,11.92,0
12.1200,11.92,0
12.1250,11.92,0
12.1300,14.97,0
12.1350,14.97,0
12.1400,14.97,0
12.1450,28.30,0
12.1500,-19.99,0
12.1550,11.06,0
12.1600,11.06,0
12.1650,15.91,0
12.1700,14.56,0
12.1750,14.56,0
12.1800,14.56,0
12.1850,11.06,0
12.1900,35.30,0
12.1950,35.30,0
12.2000,9.96,0
12.2050,9.96,0
12.2100,9.96,0
12.2150,-2.38,0
12.2200,-2.38,0
12.2250,-2.38,0
12.2300,-5.84,0
12.2350,-5.84,0
12.2400,33.51,0
12.2450,33.51,0
12.2500,26.84,0
12.2550,-2.50,0
12.2600,-3.04,0
12.2650,-3.04,0
12.2700,-3.04,0
12.2750,31.00,0
12.2800,11.77,0
12.2850,-26.79,0
12.2900,-26.79,0
12.2950,-26.79,0
12.3000,22.19,0
12.3050,22.19,0
12.3100,-8.82,0
12.3150,-8.82,0
12.3200,-8.82,0
12.3250,-8.82,0
12.3300,-22.63,0
12.3350,-22.63,0
12.3400,25.03,0
12.3450,-11.69,0
12.3500,-6.63,0
12.3550,-6.63,0
12.3600,31.63,0
12.3650,31.63,0
12.3700,11.62,0
12.3750,26.76,0
12.3800,26.76,0
12.3850,26.76,0
12.3900,26.76,0
12.3950,32.15,0
12.4000,32.15,0
12.4050,-24.90,0
12.4100,-24.90,0
12.4150,24.29,0
12.4200,24.29,0
12.4250,-9.26,0
12.4300,-9.26,0
12.4350,-9.26,0
12.4400,-9.26,0
12.4450,17.36,0
12.4500,-22.96,0
12.4550,-22.96,0
12.4600,22.80,0
12.4650,22.80,0
12.4700,22.80,0
12.4750,22.80,0
12.4800,22.80,0
12.4850,-21.31,0
12.4900,-21.31,0
12.4950,26.58,0
12.5000,26.58,0
12.5050,3.90,0
12.5100,3.90,0
12.5150,33.71,0
12.5200,33.71,0
12.5250,-25.32,0
12.5300,-25.32,0
12.5350,-25.32,0
12.5400,-25.32,0
12.5450,4.56,0
12.5500,4.56,0
12.5550,-10.79,0
12.5600,-10.79,0
12.5650,-20.56,0
12.5700,-20.56,0
12.5750,23.41,0
12.5800,23.41,0
12.5850,1.38,0
12.5900,1.38,0
12.5950,32.67,0
12.6000,32.67,0
12.6050,32.67,0
12.6100,32.67,0
12.6150,22.92,0
12.6200,22.92,0
12.6250,22.92,0
12.6300,3.91,0
12.6350,32.46,0
12.6400,32.46,0
12.6450,-21.16,0
12.6500,-21.16,0
12.6550,-21.16,0
12.6600,-21.16,0
12.6650,-21.16,0
12.6700,5.66,0
12.6750,1.38,0
12.6800,-11.57,0
12.6850,-13.85,0
12.6900,-22.19,0
12.6950,-22.19,0
12.7000,20.35,0
12.7050,20.35,0
12.7100,20.35,0
12.7150,-11.53,0
12.7200,-11.53,0
12.7250,-11.53,0
12.7300,20.12,0
12.7350,34.35,0
12.7400,19.24,0
12.7450,19.24,0
12.7500,5.47,0
12.7550,5.47,0
12.7600,-22.66,0
12.7650,5.47,0
12.7700,5.47,0
12.7750,6.43,0
12.7800,20.11,0
12.7850,20.11,0
12.7900,3.21,0
12.7950,3.21,0
12.8000,-12.14,0
12.8050,3.21,0
12.8100,36.04,0
12.8150,36.04,0
12.8200,20.41,0
12.8250,20.41,0
12.8300,20.41,0
12.8350,20.41,0
12.8400,20.37,0
12.8450,33.30,0
12.8500,33.30,0
12.8550,-18.89,0
12.8600,-18.89,0
12.8650,-18.89,0
12.8700,20.00,0
12.8750,19.15,0
12.8800,6.68,0
12.8850,6.68,0
12.8900,34.23,0
12.8950,34.23,0
12.9000,-19.70,0
12.9050,-19.70,0
12.9100,19.19,0
12.9150,5.91,0
12.9200,5.91,0
12.9250,-15.49,0
12.9300,30.29,0
12.9350,-19.36,0
12.9400,-19.36,0
12.9450,18.67,0
12.9500,18.67,0
12.9550,-22.52,0
12.9600,6.13,0
12.9650,32.77,0
12.9700,32.77,0
12.9750,32.77,0
12.9800,32.77,0
12.9850,25.34,0
12.9900,18.27,0
12.9950,-0.76,0
13.0000,8.05,0
13.0050,8.05,0
13.0100,32.32,0
13.0150,32.32,0
13.0200,0.48,0
13.0250,-19.82,0
13.0300,-19.82,0
13.0350,32.32,0
13.0400,7.45,0
13.0450,7.45,0
13.0500,26.37,0
13.0550,-8.41,0
13.0600,4.22,0
13.0650,4.22,0
13.0700,25.19,0
13.0750,29.87,0
13.0800,29.87,0
13.0850,29.87,0
13.0900,29.87,0
13.0950,29.87,0
13.1000,29.87,0
13.1050,29.87,0
13.1100,0.34,0
13.1150,18.25,0
13.1200,-23.35,0
13.1250,-23.35,0
13.1300,30.83,0
13.1350,-23.80,0
13.1400,-3.60,0
13.1450,-3.60,0
13.1500,28.62,0
13.1550,28.62,0
13.1600,-20.12,0
13.1650,27.40,0
13.1700,27.40,0
13.1750,32.33,0
13.1800,7.09,0
13.1850,-1.25,0
13.1900,-1.13,0
13.1950,-1.25,0
13.2000,-19.31,0
13.2050,29.17,0
13.2100,29.17,0
13.2150,-7.23,0
13.2200,-7.23,0
13.2250,27.13,0
13.2300,27.13,0
13.2350,27.13,0
13.2400,27.13,0
13.2450,29.09,0
13.2500,29.09,0
13.2550,-4.31,0
13.2600,-4.31,0
13.2650,28.08,0
13.2700,28.08,0
13.2750,-25.13,0
13.2800,-25.13,0
13.2850,-25.13,0
13.2900,-25.13,0
13.2950,-4.73,0
13.3000,-4.73,0
13.3050,-4.73,0
13.3100,-1.07,0
13.3150,-24.57,0
13.3200,-24.57,0
13.3250,-18.43,0
13.3300,27.60,0
13.3350,-1.07,0
13.3400,15.32,0
13.3450,-3.32,0
13.3500,-3.32,0
13.3550,27.67,0
13.3600,27.67,0
13.3650,26.77,0
13.3700,26.77,0
13.3750,-3.45,0
13.3800,-3.45,0
13.3850,-3.61,0
13.3900,-3.61,0
13.3950,-21.60,0
13.4000,-25.90,0
13.4050,-25.90,0
13.4100,-25.90,0
13.4150,-1.75,0
13.4200,-1.75,0
13.4250,-1.75,0
13.4300,-4.93,0
13.4350,-4.93,0
13.4400,-22.63,0
13.4450,25.67,0
13.4500,25.67,0
13.4550,25.67,0
13.4600,25.67,0
13.4650,25.67,0
13.4700,-1.56,0
13.4750,-1.56,0
13.4800,31.91,0
13.4850,31.91,0
13.4900,25.88,0
13.4950,25.88,0
13.5000,-0.91,0
13.5050,-0.91,0
13.5100,-3.89,0
13.5150,30.72,0
13.5200,30.72,0
13.5250,-23.61,0
13.5300,-23.61,0
13.5350,-2.19,0
13.5400,25.88,0
13.5450,-2.19,0
13.5500,-2.19,0
13.5550,-5.47,0
13.5600,-5.47,0
13.5650,-5.47,0
13.5700,-24.31,0
13.5750,-24.31,0
13.5800,-24.31,0
13.5850,-24.31,0
13.5900,-6.33,0
13.5950,-6.33,0
13.6000,30.26,0
13.6050,30.26,0
13.6100,22.49,0
13.6150,22.49,0
13.6200,0.69,0
13.6250,0.69,0
13.6300,0.69,0
13.6350,-6.33,0
13.6400,33.15,0
13.6450,33.15,0
13.6500,-24.06,0
13.6550,0.84,0
13.6600,0.84,0
13.6650,0.84,0
13.6700,0.84,0
13.6750,0.84,0
13.6800,0.84,0
13.6850,30.63,0
13.6900,30.63,0
13.6950,24.83,0
13.7000,24.83,0
13.7050,-7.87,0
13.7100,-7.87,0
13.7150,-7.87,0
13.7200,34.57,0
13.7250,-6.27,0
13.7300,34.57,0
13.7350,22.43,0
13.7400,-7.87,0
13.7450,0.69,0
13.7500,-12.18,0
13.7550,31.64,0
13.7600,31.64,0
13.7650,-21.43,0
13.7700,-21.43,0
13.7750,23.61,0
13.7800,23.61,0
13.7850,2.09,0
13.7900,2.09,0
13.7950,-8.57,0
13.8000,-8.57,0
13.8050,-22.31,0
13.8100,-22.31,0
13.8150,23.99,0
13.8200,23.99,0
13.8250,1.45,0
13.8300,1.45,0
13.8350,1.45,0
13.8400,32.40,0
13.8450,32.40,0
13.8500,32.40,0
13.8550,32.40,0
13.8600,23.81,0
13.8650,34.99,0
13.8700,34.99,0
13.8750,-9.39,0
13.8800,-9.39,0
13.8850,-9.39,0
13.8900,35.23,0
13.8950,23.17,0
13.9000,-0.19,0
13.9050,-23.94,0
13.9100,1.45,0
13.9150,-10.02,0
13.9200,31.23,0
13.9250,6.78,0
13.9300,6.78,0
13.9350,18.20,0
13.9400,18.20,0
13.9450,30.76,0
13.9500,30.76,0
13.9550,30.76,0
13.9600,30.76,0
13.9650,7.55,0
13.9700,7.55,0
13.9750,21.95,0
13.9800,21.95,0
13.9850,29.69,0
13.9900,29.69,0
13.9950,29.69,0
14.0000,-11.43,0
14.0050,15.06,0
14.0100,-11.43,0
14.0150,-11.43,0
14.0200,23.73,0
14.0250,23.73,0
14.0300,23.73,0
14.0350,23.73,0
14.0400,-11.57,0
14.0450,-11.57,0
14.0500,2.57,0
14.0550,2.57,0
14.0600,21.49,0
14.0650,21.49,0
14.0700,-25.31,0
14.0750,-24.12,0
14.0800,30.93,0
14.0850,30.93,0
14.0900,4.87,0
14.0950,4.87,0
14.1000,2.23,0
14.1050,23.11,0
14.1100,23.11,0
14.1150,23.11,0
14.1200,-23.56,0
14.1250,-23.56,0
14.1300,3.64,0
14.1350,3.64,0
14.1400,23.81,0
14.1450,-24.05,0
14.1500,-24.05,0
14.1550,30.08,0
14.1600,30.08,0
14.1650,1.27,0
14.1700,1.27,0
14.1750,1.27,0
14.1800,1.27,0
14.1850,-24.16,0
14.1900,-24.16,0
14.1950,30.79,0
14.2000,30.79,0
14.2050,30.79,0
14.2100,30.79,0
14.2150,-12.79,0
14.2200,1.27,0
14.2250,30.36,0
14.2300,30.36,0
14.2350,30.36,0
14.2400,30.36,0
14.2450,-8.24,0
14.2500,-8.24,0
14.2550,4.06,0
14.2600,4.06,0
14.2650,-24.37,0
14.2700,-24.37,0
14.2750,31.01,0
14.2800,25.68,0
14.2850,4.17,0
14.2900,4.17,0
14.2950,4.17,0
14.3000,4.17,0
14.3050,-25.71,0
14.3100,-25.71,0
14.3150,-25.71,0
14.3200,29.03,0
14.3250,35.75,0
14.3300,4.21,0
14.3350,4.21,0
14.3400,25.45,0
14.3450,25.45,0
14.3500,-24.69,0
14.3550,-24.69,0
14.3600,-21.77,0
14.3650,-6.57,0
14.3700,-6.57,0
14.3750,28.10,0
14.3800,28.10,0
14.3850,-20.95,0
14.3900,-20.95,0
14.3950,-20.95,0
14.4000,-20.95,0
14.4050,-20.95,0
14.4100,-5.60,0
14.4150,7.22,0
14.4200,-0.47,0
14.4250,-23.77,0
14.4300,-23.77,0
14.4350,-23.77,0
14.4400,32.39,0
14.4450,32.39,0
14.4500,-3.41,0
14.4550,-3.41,0
14.4600,-0.31,0
14.4650,-0.31,0
14.4700,25.48,0
14.4750,26.59,0
14.4800,26.59,0
14.4850,26.59,0
14.4900,26.59,0
14.4950,26.59,0
14.5000,-24.69,0
14.5050,-24.69,0
14.5100,-0.50,0
14.5150,36.13,0
14.5200,-24.51,0
14.5250,-24.51,0
14.5300,-6.15,0
14.5350,-6.15,0
14.5400,-1.02,0
14.5450,-1.02,0
14.5500,-24.37,0
14.5550,-24.37,0
14.5600,31.54,0
14.5650,31.54,0
14.5700,31.54,0
14.5750,-24.51,0
14.5800,-5.89,0
14.5850,31.34,0
14.5900,29.45,0
14.5950,29.45,0
14.6000,29.45,0
14.6050,-17.02,0
14.6100,-24.51,0
14.6150,31.47,0
14.6200,31.47,0
14.6250,31.47,0
14.6300,31.47,0
14.6350,-23.88,0
14.6400,-23.88,0
14.6450,-6.41,0
14.6500,-6.41,0
14.6550,-4.59,0
14.6600,-4.59,0
14.6650,31.93,0
14.6700,31.93,0
14.6750,32.68,0
14.6800,-22.76,0
14.6850,-22.76,0
14.6900,-21.85,0
14.6950,-18.85,0
14.7000,38.39,0
14.7050,38.39,0
14.7100,11.50,0
14.7150,11.50,0
14.7200,26.57,0
14.7250,12.14,0
14.7300,12.14,0
14.7350,12.14,0
14.7400,12.14,0
14.7450,25.43,0
14.7500,-17.87,0
14.7550,11.55,0
14.7600,11.55,0
14.7650,-22.86,0
14.7700,-22.86,0
14.7750,-22.86,0
14.7800,-22.86,0
14.7850,-14.20,0
14.7900,-14.20,0
14.7950,11.17,0
14.8000,11.17,0
14.8050,-19.52,0
14.8100,-19.52,0
14.8150,34.66,0
14.8200,34.66,0
14.8250,-12.91,0
14.8300,-12.91,0
14.8350,15.74,0
14.8400,15.74,0
14.8450,15.74,0
14.8500,30.89,0
14.8550,34.82,0
14.8600,-1.90,0
14.8650,-16.71,0
14.8700,-16.71,0
14.8750,-16.71,0
14.8800,33.28,0
14.8850,17.37,0
14.8900,-20.29,0
14.8950,-20.29,0
14.9000,-20.29,0
14.9050,-20.29,0
14.9100,-11.15,0
14.9150,-11.15,0
14.9200,10.84,0
14.9250,10.84,0
14.9300,-24.02,0
14.9350,-24.02,0
14.9400,-11.15,0
14.9450,33.06,0
14.9500,-14.30,0
14.9550,-14.30,0
14.9600,10.54,0
14.9650,15.59,0
14.9700,15.59,0
14.9750,15.59,0
14.9800,15.59,0
14.9850,15.59,0
14.9900,-21.66,0
14.9950,-21.66,0
15.0000,19.43,0
15.0050,19.43,0
15.0100,19.43,0
15.0150,19.43,0
15.0200,19.43,0
15.0250,-14.84,0
15.0300,-14.84,0
15.0350,-14.84,0
15.0400,11.20,0
15.0450,11.20,0
15.0500,11.20,0
15.0550,11.20,0
15.0600,11.20,0
15.0650,31.81,0
15.0700,31.81,0
15.0750,31.81,0
15.0800,8.24,0
15.0850,20.08,0
15.0900,20.08,0
15.0950,20.08,0
15.1000,-22.89,0
15.1050,-22.89,0
15.1100,11.77,0
15.1150,-16.40,0
15.1200,-23.58,0
15.1250,18.95,0
15.1300,18.95,0
15.1350,-20.89,0
15.1400,-20.89,0
15.1450,-13.88,0
15.1500,-13.88,0
15.1550,8.97,0
15.1600,8.97,0
15.1650,8.97,0
15.1700,8.97,0
15.1750,-23.26,0
15.1800,-23.26,0
15.1850,34.29,0
15.1900,-16.38,0
15.1950,30.86,0
15.2000,8.38,0
15.2050,21.80,0
15.2100,21.80,0
15.2150,21.80,0
15.2200,-25.11,0
15.2250,-20.89,0
15.2300,33.57,0
15.2350,33.57,0
15.2400,-11.76,0
15.2450,-11.76,0
15.2500,8.38,0
15.2550,19.55,0
15.2600,-23.50,0
15.2650,33.11,0
15.2700,33.11,0
15.2750,-13.31,0
15.2800,1.55,0
15.2850,6.89,0
15.2900,6.89,0
15.2950,33.57,0
15.3000,-24.73,0
15.3050,-24.73,0
15.3100,-24.73,0
15.3150,-21.55,0
15.3200,33.29,0
15.3250,23.79,0
15.3300,23.79,0
15.3350,19.55,0
15.3400,23.79,0
15.3450,30.18,0
15.3500,30.18,0
15.3550,-10.70,0
15.3600,-10.70,0
15.3650,25.93,0
15.3700,25.93,0
15.3750,-25.12,0
15.3800,-25.12,0
15.3850,-25.12,0
15.3900,-25.12,0
15.3950,-11.26,0
15.4000,-11.26,0
15.4050,6.03,0
15.4100,6.03,0
15.4150,19.93,0
15.4200,19.93,0
15.4250,35.42,0
15.4300,35.42,0
15.4350,35.42,0
15.4400,-26.85,0
15.4450,35.42,0
15.4500,35.42,0
15.4550,-26.85,0
15.4600,22.89,0
15.4650,-24.24,0
15.4700,-24.24,0
15.4750,29.56,0
15.4800,23.50,0
15.4850,4.08,0
15.4900,4.08,0
15.4950,25.16,0
15.5000,25.16,0
15.5050,6.60,0
15.5100,6.60,0
15.5150,-11.62,0
15.5200,-11.62,0
15.5250,-19.70,0
15.5300,-19.70,0
15.5350,23.82,0
15.5400,23.82,0
15.5450,7.26,0
15.5500,7.26,0
15.5550,7.26,0
15.5600,7.26,0
15.5650,34.30,0
15.5700,34.30,0
15.5750,17.23,0
15.5800,17.23,0
15.5850,7.33,0
15.5900,7.33,0
15.5950,-17.16,0
15.6000,-17.16,0
15.6050,-19.67,0
15.6100,-19.67,0
15.6150,-19.67,0
15.6200,-19.67,0
15.6250,7.66,0
15.6300,7.66,0
15.6350,-14.63,0
15.6400,4.94,0
15.6450,-21.13,0
15.6500,-21.13,0
15.6550,16.96,0
15.6600,16.96,0
15.6650,10.07,0
15.6700,10.07,0
15.6750,34.59,0
15.6800,-14.02,0
15.6850,35.96,0
15.6900,35.96,0
15.6950,4.69,0
15.7000,18.58,0
15.7050,18.58,0
15.7100,18.58,0
15.7150,6.58,0
15.7200,6.58,0
15.7250,6.58,0
15.7300,-19.89,0
15.7350,-19.89,0
15.7400,-19.89,0
15.7450,-19.89,0
15.7500,8.16,0
15.7550,8.16,0
15.7600,-15.55,0
15.7650,-15.55,0
15.7700,-16.54,0
15.7750,-16.54,0
15.7800,15.54,0
15.7850,15.54,0
15.7900,15.54,0
15.7950,-12.34,0
15.8000,-12.34,0
15.8050,36.76,0
15.8100,36.76,0
15.8150,17.48,0
15.8200,17.48,0
15.8250,17.48,0
15.8300,17.48,0
15.8350,17.48,0
15.8400,17.48,0
15.8450,35.33,0
15.8500,6.40,0
15.8550,-16.90,0
15.8600,-16.90,0
15.8650,8.42,0
15.8700,8.42,0
15.8750,-16.08,0
15.8800,-16.08,0
15.8850,34.20,0
15.8900,-27.12,0
15.8950,34.20,0
15.9000,-16.09,0
15.9050,-16.09,0
15.9100,-16.09,0
15.9150,-16.09,0
15.9200,-16.09,0
15.9250,-16.09,0
15.9300,16.80,0
15.9350,16.80,0
15.9400,-16.78,0
15.9450,-16.78,0
15.9500,34.20,0
15.9550,12.12,0
15.9600,12.12,0
15.9650,12.12,0
15.9700,37.80,0
15.9750,37.80,0
15.9800,-18.60,0
15.9850,-18.60,0
15.9900,16.91,0
15.9950,16.91,0
16.0000,12.83,0
16.0050,12.83,0
16.0100,12.83,0
16.0150,-19.80,0
16.0200,27.40,0
16.0250,14.97,0
16.0300,14.97,0
16.0350,-19.49,0
16.0400,-19.49,0
16.0450,36.38,0
16.0500,36.38,0
16.0550,36.38,0
16.0600,-16.97,0
16.0650,36.38,0
16.0700,16.03,0
16.0750,12.14,0
16.0800,12.14,0
16.0850,12.14,0
16.0900,31.77,0
16.0950,31.77,0
16.1000,-16.62,0
16.1050,-3.91,0
16.1100,11.91,0
16.1150,11.91,0
16.1200,14.00,0
16.1250,-18.43,0
16.1300,-18.43,0
16.1350,-16.23,0
16.1400,-16.23,0
16.1450,14.69,0
16.1500,14.69,0
16.1550,14.69,0
16.1600,32.99,0
16.1650,-18.86,0
16.1700,-18.86,0
16.1750,27.80,0
16.1800,33.51,0
16.1850,13.22,0
16.1900,13.22,0
16.1950,16.80,0
16.2000,16.80,0
16.2050,-19.73,0
16.2100,-19.73,0
16.2150,12.82,0
16.2200,35.61,0
16.2250,-16.70,0
16.2300,-16.70,0
16.2350,14.64,0
16.2400,14.64,0
16.2450,30.82,0
16.2500,-22.78,0
16.2550,35.29,0
16.2600,35.29,0
16.2650,-19.73,0
16.2700,-15.32,0
16.2750,-15.32,0
16.2800,14.10,0
16.2850,14.10,0
16.2900,14.10,0
16.2950,33.92,0
16.3000,-25.23,0
16.3050,-15.05,0
16.3100,-15.05,0
16.3150,12.47,0
16.3200,12.47,0
16.3250,27.43,0
16.3300,27.43,0
16.3350,-2.56,0
16.3400,32.20,0
16.3450,30.82,0
16.3500,32.20,0
16.3550,33.72,0
16.3600,-24.93,0
16.3650,-24.93,0
16.3700,-24.93,0
16.3750,-24.93,0
16.3800,-5.74,0
16.3850,-5.74,0
16.3900,-24.16,0
16.3950,-5.74,0
16.4000,32.45,0
16.4050,32.20,0
16.4100,28.79,0
16.4150,28.79,0
16.4200,28.79,0
16.4250,33.49,0
16.4300,33.49,0
16.4350,33.49,0
16.4400,33.49,0
16.4450,33.49,0
16.4500,33.49,0
16.4550,33.49,0
16.4600,17.14,0
16.4650,-22.06,0
16.4700,-24.16,0
16.4750,32.03,0
16.4800,32.03,0
16.4850,-22.94,0
16.4900,-22.94,0
16.4950,-3.63,0
16.5000,-3.63,0
16.5050,-8.20,0
16.5100,-25.95,0
16.5150,-25.95,0
16.5200,-25.95,0
16.5250,26.06,0
16.5300,26.06,0
16.5350,-7.46,0
16.5400,-7.46,0
16.5450,-7.46,0
16.5500,31.35,0
16.5550,-22.89,0
16.5600,-22.89,0
16.5650,25.22,0
16.5700,25.22,0
16.5750,25.22,0
16.5800,-0.55,0
16.5850,-0.55,0
16.5900,-0.55,0
16.5950,-0.55,0
16.6000,28.88,0
16.6050,28.88,0
16.6100,-0.05,0
16.6150,-6.31,0
16.6200,-6.31,0
16.6250,-6.31,0
16.6300,-6.31,0
16.6350,-6.31,0
16.6400,-23.59,0
16.6450,-23.59,0
16.6500,26.77,0
16.6550,26.77,0
16.6600,26.77,0
16.6650,26.77,0
16.6700,-0.83,0
16.6750,-0.83,0
16.6800,26.24,0
16.6850,26.24,0
16.6900,26.24,0
16.6950,26.24,0
16.7000,2.76,0
16.7050,2.76,0
16.7100,31.01,0
16.7150,31.01,0
16.7200,-23.17,0
16.7250,-23.17,0
16.7300,25.04,0
16.7350,25.04,0
16.7400,0.80,0
16.7450,0.80,0
16.7500,-14.96,0
16.7550,-7.83,0
16.7600,-21.03,0
16.7650,-21.03,0
16.7700,22.93,0
16.7750,22.93,0
16.7800,1.85,0
16.7850,-11.86,0
16.7900,-11.86,0
16.7950,-11.86,0
16.8000,31.57,0
16.8050,31.57,0
16.8100,21.88,0
16.8150,21.88,0
16.8200,21.88,0
16.8250,21.88,0
16.8300,1.07,0
16.8350,1.07,0
16.8400,-26.07,0
16.8450,-26.07,0
16.8500,-26.07,0
16.8550,-0.44,0
16.8600,-0.44,0
16.8650,-11.43,0
16.8700,-11.43,0
16.8750,1.07,0
16.8800,34.50,0
16.8850,18.21,0
16.8900,24.16,0
16.8950,24.16,0
16.9000,24.16,0
16.9050,24.16,0
16.9100,24.16,0
16.9150,31.92,0
16.9200,31.92,0
16.9250,23.90,0
16.9300,23.90,0
16.9350,-0.76,0
16.9400,31.33,0
16.9450,-0.76,0
16.9500,-0.76,0
16.9550,32.12,0
16.9600,32.12,0
16.9650,-23.81,0
16.9700,-23.81,0
16.9750,-23.81,0
16.9800,-23.81,0
16.9850,-23.81,0
16.9900,-23.81,0
16.9950,-23.81,0
17.0000,-23.81,1
17.0050,32.11,0
17.0100,32.11,0
17.0150,32.11,0
17.0200,32.11,0
17.0250,21.26,0
17.0300,21.26,0
17.0350,38.57,0
17.0400,38.57,0
17.0450,-24.02,0
17.0500,-24.02,0
17.0550,22.99,0
17.0600,-23.81,0
17.0650,5.02,0
17.0700,5.02,0
17.0750,34.00,0
17.0800,34.00,0
17.0850,-12.22,0
17.0900,-10.38,0
17.0950,3.38,0
17.1000,3.38,0
17.1050,19.36,0
17.1100,9.69,0
17.1150,-11.31,0
17.1200,-34.40,0
17.1250,-12.74,0
17.1300,-22.78,0
17.1350,-20.57,0
17.1400,-20.57,0
17.1450,30.65,0
17.1500,30.65,0
17.1550,30.65,0
17.1600,4.22,0
17.1650,4.22,0
17.1700,4.22,0
17.1750,19.29,0
17.1800,22.91,0
17.1850,4.22,0
17.1900,33.53,0
17.1950,33.53,0
17.2000,-9.54,0
17.2050,-9.54,0
17.2100,21.33,0
17.2150,21.33,0
17.2200,-24.26,0
17.2250,31.78,0
17.2300,-24.26,0
17.2350,-24.26,0
17.2400,-11.09,0
17.2450,8.13,0
17.2500,8.13,0
17.2550,-23.92,0
17.2600,-23.92,0
17.2650,31.52,0
17.2700,31.52,0
17.2750,31.52,0
17.2800,31.52,0
17.2850,5.32,0
17.2900,5.32,0
17.2950,-21.91,0
17.3000,23.60,0
17.3050,23.60,0
17.3100,23.60,0
17.3150,23.60,0
17.3200,-24.01,0
17.3250,-24.01,0
17.3300,31.13,0
17.3350,31.13,0
17.3400,-22.97,0
17.3450,-22.97,0
17.3500,-22.97,0
17.3550,-9.44,0
17.3600,36.14,0
17.3650,-22.97,0
17.3700,-8.89,0
17.3750,-8.89,0
17.3800,-22.61,0
17.3850,-22.61,0
17.3900,31.68,0
17.3950,31.68,0
17.4000,31.68,0
17.4050,31.68,0
17.4100,3.02,0
17.4150,3.02,0
17.4200,22.16,0
17.4250,18.01,0
17.4300,30.28,0
17.4350,30.28,0
17.4400,30.28,0
17.4450,30.28,0
17.4500,30.28,0
17.4550,30.28,0
17.4600,23.31,0
17.4650,23.31,0
17.4700,-24.00,0
17.4750,-24.00,0
17.4800,-10.96,0
17.4850,-10.96,0
17.4900,4.89,0
17.4950,4.89,0
17.5000,4.89,0
17.5050,-23.36,0
17.5100,-23.36,0
17.5150,-23.36,0
17.5200,3.11,0
17.5250,-8.62,0
17.5300,-10.96,0
17.5350,26.33,0
17.5400,26.33,0
17.5450,26.33,0
17.5500,26.33,0
17.5550,31.82,0
17.5600,31.82,0
17.5650,-11.26,0
17.5700,-11.26,0
17.5750,21.42,0
17.5800,21.42,0
17.5850,7.15,0
17.5900,-24.11,0
17.5950,34.45,0
17.6000,34.45,0
17.6050,-8.91,0
17.6100,-8.91,0
17.6150,4.51,0
17.6200,4.51,0
17.6250,-23.51,0
17.6300,-23.51,0
17.6350,32.69,0
17.6400,32.69,0
17.6450,32.69,0
17.6500,2.93,0
17.6550,2.93,0
17.6600,23.57,0
17.6650,23.57,0
17.6700,23.57,0
17.6750,23.57,0
17.6800,31.77,0
17.6850,-9.75,0
17.6900,-9.75,0
17.6950,22.97,0
17.7000,22.97,0
17.7050,-25.45,0
17.7100,-25.45,0
17.7150,-37.24,0
17.7200,-25.45,0
17.7250,-25.45,0
17.7300,-25.45,0
17.7350,-25.45,0
17.7400,2.86,0
17.7450,-25.78,0
17.7500,-25.78,0
17.7550,-22.75,0
17.7600,30.56,0
17.7650,-22.24,0
17.7700,-10.19,0
17.7750,-10.19,0
17.7800,3.40,0
17.7850,3.40,0
17.7900,25.12,0
17.7950,31.68,0
17.8000,22.98,0
17.8050,31.68,0
17.8100,-8.41,0
17.8150,25.12,0
17.8200,5.13,0
17.8250,5.13,0
17.8300,24.15,0
17.8350,24.15,0
17.8400,-8.41,0
17.8450,-7.50,0
17.8500,-7.50,0
17.8550,3.30,0
17.8600,3.30,0
17.8650,26.96,0
17.8700,26.96,0
17.8750,-24.50,0
17.8800,-24.50,0
17.8850,33.35,0
17.8900,33.35,0
17.8950,33.35,0
17.9000,33.35,0
17.9050,-8.41,0
17.9100,2.02,0
17.9150,31.44,0
17.9200,31.44,0
17.9250,-6.61,0
17.9300,-6.61,0
17.9350,-6.61,0
17.9400,-6.61,0
17.9450,30.04,0
17.9500,35.12,0
17.9550,7.97,0
17.9600,7.97,0
17.9650,-15.19,0
17.9700,-15.19,0
17.9750,35.81,0
17.9800,35.81,0
17.9850,-19.15,0
17.9900,-19.15,0
17.9950,18.32,0
18.0000,18.32,0
18.0050,-14.14,0
18.0100,-14.14,0
18.0150,33.35,0
18.0200,33.35,0
18.0250,-20.96,0
18.0300,-20.96,0
18.0350,11.62,0
18.0400,11.62,0
18.0450,11.62,0
18.0500,11.62,0
18.0550,34.44,0
18.0600,34.44,0
18.0650,-20.00,0
18.0700,-20.00,0
18.0750,7.00,0
18.0800,7.00,0
18.0850,7.00,0
18.0900,-13.89,0
18.0950,-13.89,0
18.1000,-19.81,0
18.1050,-19.82,0
18.1100,17.43,0
18.1150,17.43,0
18.1200,8.73,0
18.1250,8.73,0
18.1300,18.46,0
18.1350,-18.15,0
18.1400,-18.15,0
18.1450,-18.15,0
18.1500,16.60,0
18.1550,16.60,0
18.1600,-20.00,0
18.1650,10.01,0
18.1700,34.66,0
18.1750,34.66,0
18.1800,-17.65,0
18.1850,-17.65,0
18.1900,18.46,0
18.1950,30.33,0
18.2000,9.92,0
18.2050,9.92,0
18.2100,9.92,0
18.2150,9.92,0
18.2200,-18.99,0
18.2250,-18.99,0
18.2300,18.07,0
18.2350,18.07,0
18.2400,9.38,0
18.2450,9.38,0
18.2500,-18.35,0
18.2550,-18.35,0
18.2600,36.82,0
18.2650,36.82,0
18.2700,15.00,0
18.2750,15.00,0
18.2800,8.41,0
18.2850,8.41,0
18.2900,-16.06,0
18.2950,-16.06,0
18.3000,35.31,0
18.3050,35.31,0
18.3100,-18.36,0
18.3150,-18.36,0
18.3200,7.17,0
18.3250,7.17,0
18.3300,-16.49,0
18.3350,7.17,0
18.3400,7.17,0
18.3450,7.17,0
18.3500,7.17,0
18.3550,7.17,0
18.3600,17.10,0
18.3650,7.27,0
18.3700,-17.22,0
18.3750,-17.22,0
18.3800,-17.22,0
18.3850,31.24,0
18.3900,17.44,0
18.3950,17.44,0
18.4000,10.18,0
18.4050,10.18,0
18.4100,-15.00,0
18.4150,-15.00,0
18.4200,-15.00,0
18.4250,-15.00,0
18.4300,-15.00,0
18.4350,-15.00,0
18.4400,-18.42,0
18.4450,-18.42,0
18.4500,-17.42,0
18.4550,-17.42,0
18.4600,35.48,0
18.4650,35.48,0
18.4700,13.80,0
18.4750,13.80,0
18.4800,13.80,0
18.4850,13.80,0
18.4900,-26.41,0
18.4950,-17.63,0
18.5000,-17.63,0
18.5050,-17.63,0
18.5100,36.67,0
18.5150,36.67,0
18.5200,36.67,0
18.5250,7.60,0
18.5300,7.60,0
18.5350,7.60,0
18.5400,34.53,0
18.5450,34.53,0
18.5500,-23.27,0
18.5550,-17.41,0
18.5600,10.59,0
18.5650,10.59,0
18.5700,-17.75,0
18.5750,-17.75,0
18.5800,-17.75,0
18.5850,-17.75,0
18.5900,-17.77,0
18.5950,-17.77,0
18.6000,16.71,0
18.6050,16.71,0
18.6100,-17.13,0
18.6150,-34.63,0
18.6200,34.58,0
18.6250,34.58,0
18.6300,-16.72,0
18.6350,-16.72,0
18.6400,15.41,0
18.6450,15.41,0
18.6500,13.80,0
18.6550,13.80,0
18.6600,35.81,0
18.6650,35.81,0
18.6700,-17.37,0
18.6750,13.80,0
18.6800,12.29,0
18.6850,12.29,0
18.6900,-18.09,0
18.6950,-18.09,0
18.7000,-18.09,0
18.7050,-18.09,0
18.7100,-16.40,0
18.7150,-16.40,0
18.7200,17.93,0
18.7250,17.93,0
18.7300,-20.37,0
18.7350,-20.37,0
18.7400,32.35,0
18.7450,32.35,0
18.7500,-19.99,0
18.7550,-19.99,0
18.7600,16.00,0
18.7650,16.00,0
18.7700,27.49,0
18.7750,27.49,0
18.7800,-5.18,0
18.7850,-5.18,0
18.7900,-5.18,0
18.7950,-5.18,0
18.8000,-1.46,0
18.8050,-1.46,0
18.8100,28.12,0
18.8150,28.12,0
18.8200,-17.84,0
18.8250,28.12,0
18.8300,-0.39,0
18.8350,-0.39,0
18.8400,-27.81,0
18.8450,-27.81,0
18.8500,29.15,0
18.8550,29.15,0
18.8600,-3.18,0
18.8650,-3.18,0
18.8700,-3.18,0
18.8750,-3.18,0
18.8800,-3.18,0
18.8850,-3.18,0
18.8900,-3.18,0
18.8950,30.29,0
18.9000,30.29,0
18.9050,-3.99,0
18.9100,19.25,0
18.9150,25.54,0
18.9200,25.54,0
18.9250,-27.12,0
18.9300,-27.12,0
18.9350,28.23,0
18.9400,28.23,0
18.9450,-7.32,0
18.9500,-7.32,0
18.9550,-2.36,0
18.9600,-2.36,0
18.9650,-25.43,0
18.9700,-25.43,0
18.9750,24.89,0
18.9800,24.89,0
18.9850,24.89,0
18.9900,24.89,0
18.9950,24.89,0
19.0000,-24.28,0
19.0050,-24.28,0
19.0100,-24.28,0
19.0150,30.53,0
19.0200,30.53,0
19.0250,14.35,0
19.0300,-4.44,0
19.0350,28.76,0
19.0400,28.76,0
19.0450,-24.29,0
19.0500,-24.29,0
19.0550,-24.29,0
19.0600,-7.43,0
19.0650,-7.43,0
19.0700,-1.34,0
19.0750,-1.34,0
19.0800,-23.63,0
19.0850,-23.63,0
19.0900,26.88,0
19.0950,26.88,0
19.1000,-6.95,0
19.1050,-6.95,0
19.1100,-6.95,0
19.1150,-6.95,0
19.1200,32.19,0
19.1250,32.19,0
19.1300,27.85,0
19.1350,27.85,0
19.1400,-5.88,0
19.1450,-5.88,0
19.1500,-3.16,0
19.1550,-5.88,0
19.1600,-3.16,0
19.1650,-26.80,0
19.1700,-26.80,0
19.1750,-4.87,0
19.1800,-3.73,0
19.1850,-2.38,0
19.1900,-2.38,0
19.1950,-1.39,0
19.2000,-26.11,0
19.2050,-26.11,0
19.2100,30.91,0
19.2150,30.91,0
19.2200,30.91,0
19.2250,30.91,0
19.2300,30.91,0
19.2350,26.85,0
19.2400,30.91,0
19.2450,-20.80,0
19.2500,31.36,0
19.2550,28.61,0
19.2600,28.61,0
19.2650,-3.39,0
19.2700,-4.91,0
19.2750,-4.91,0
19.2800,31.36,0
19.2850,31.36,0
19.2900,-24.90,0
19.2950,-24.90,0
19.3000,-5.71,0
19.3050,-5.71,0
19.3100,3.09,0
19.3150,3.09,0
19.3200,3.09,0
19.3250,3.09,0
19.3300,3.09,0
19.3350,3.09,0
19.3400,27.32,0
19.3450,27.32,0
19.3500,-0.08,0
19.3550,-0.08,0
19.3600,-0.08,0
19.3650,31.83,0
19.3700,31.83,0
19.3750,-25.97,0
19.3800,-25.97,0
19.3850,-3.99,0
19.3900,-3.99,0
19.3950,-16.72,0
19.4000,-3.99,0
19.4050,29.38,0
19.4100,-19.36,0
19.4150,29.38,0
19.4200,25.33,0
19.4250,-4.55,0
19.4300,-0.79,0
19.4350,-0.79,0
19.4400,-0.79,0
19.4450,-0.79,0
19.4500,11.57,0
19.4550,-28.04,0
19.4600,-28.04,0
19.4650,-27.05,0
19.4700,28.31,0
19.4750,-2.27,0
19.4800,-2.27,0
19.4850,32.91,0
19.4900,28.67,0
19.4950,-27.54,0
19.5000,-27.54,0
19.5050,28.30,0
19.5100,28.30,0
19.5150,-4.10,0
19.5200,-4.10,0
19.5250,28.09,0
19.5300,28.09,0
19.5350,-25.09,0
19.5400,-25.09,0
19.5450,26.49,0
19.5500,26.49,0
19.5550,-3.34,0
19.5600,-3.34,0
19.5650,0.75,0
19.5700,-1.94,0
19.5750,-22.39,0
19.5800,-22.39,0
19.5850,-22.87,0
19.5900,33.42,0
19.5950,33.42,0
19.6000,33.42,0
19.6050,33.42,0
19.6100,33.42,0
19.6150,13.15,0
19.6200,13.15,0
19.6250,15.13,0
19.6300,15.13,0
19.6350,32.22,0
19.6400,32.22,0
19.6450,-16.34,0
19.6500,-16.34,0
19.6550,13.51,0
19.6600,12.36,0
19.6650,12.36,0
19.6700,-5.79,0
19.6750,-16.94,0
19.6800,-17.15,0
19.6850,-17.15,0
19.6900,-17.15,0
19.6950,-17.15,0
19.7000,-3.37,0
19.7050,14.27,0
19.7100,14.27,0
19.7150,36.84,0
19.7200,36.84,0
19.7250,36.84,0
19.7300,36.84,0
19.7350,12.06,0
19.7400,12.06,0
19.7450,13.25,0
19.7500,-18.87,0
19.7550,-18.87,0
19.7600,36.96,0
19.7650,36.96,0
19.7700,-14.72,0
19.7750,-14.72,0
19.7800,-14.72,0
19.7850,-14.72,0
19.7900,13.85,0
19.7950,-4.05,0
19.8000,-16.43,0
19.8050,-16.43,0
19.8100,34.77,0
19.8150,16.62,0
19.8200,16.62,0
19.8250,16.62,0
19.8300,-19.27,0
19.8350,-19.27,0
19.8400,36.68,0
19.8450,36.68,0
19.8500,14.44,0
19.8550,14.44,0
19.8600,14.93,0
19.8650,14.93,0
19.8700,14.93,0
19.8750,14.93,0
19.8800,36.79,0
19.8850,36.79,0
19.8900,-14.16,0
19.8950,-14.16,0
19.9000,17.58,0
19.9050,17.58,0
19.9100,17.58,0
19.9150,-19.82,0
19.9200,-19.82,0
19.9250,34.57,0
19.9300,34.57,0
19.9350,11.55,0
19.9400,11.55,0
19.9450,11.55,0
19.9500,1.76,0
19.9550,-19.11,0
19.9600,33.90,0
19.9650,33.90,0
19.9700,33.90,0
19.9750,33.90,0
19.9800,-16.64,0
19.9850,-16.64,0
19.9900,-16.64,0
19.9950,33.28,0
20.0000,33.28,0
20.0050,33.28,0
20.0100,33.28,0
20.0150,-15.26,0
20.0200,-15.26,0
20.0250,16.78,0
20.0300,16.78,0
20.0350,-19.96,0
20.0400,-19.96,0
20.0450,34.11,0
20.0500,34.11,0
20.0550,-2.78,0
20.0600,-4.86,0
20.0650,-17.90,0
20.0700,-17.90,0
20.0750,-21.11,0
20.0800,-31.34,0
20.0850,32.01,0
20.0900,32.01,0
20.0950,11.37,0
20.1000,11.37,0
20.1050,-29.78,0
20.1100,-16.74,0
20.1150,15.11,0
20.1200,33.35,0
20.1250,33.35,0
20.1300,-15.06,0
20.1350,-15.06,0
20.1400,-15.06,0
20.1450,-15.06,0
20.1500,-15.06,0
20.1550,-15.06,0
20.1600,34.72,0
20.1650,34.72,0
20.1700,-15.06,0
20.1750,-22.17,0
20.1800,-15.06,0
20.1850,16.42,0
20.1900,17.46,0
20.1950,14.30,0
20.2000,35.60,0
20.2050,35.60,0
20.2100,-15.56,0
20.2150,33.35,0
20.2200,29.94,0
20.2250,13.53,0
20.2300,13.53,0
20.2350,13.53,0
20.2400,20.65,0
20.2450,20.65,0
20.2500,33.34,0
20.2550,33.34,0
20.2600,12.49,0
20.2650,12.49,0
20.2700,-22.49,0
20.2750,-22.49,0
20.2800,-22.49,0
20.2850,-22.49,0
20.2900,-15.41,0
20.2950,-15.41,0
20.3000,11.89,0
20.3050,11.89,0
20.3100,-21.89,0
20.3150,-21.89,0
20.3200,34.86,0
20.3250,34.86,0
20.3300,-13.02,0
20.3350,13.95,0
20.3400,-2.70,0
20.3450,-13.02,0
20.3500,15.23,0
20.3550,15.23,0
20.3600,34.52,0
20.3650,34.52,0
20.3700,-15.02,0
20.3750,-15.02,0
20.3800,17.58,0
20.3850,17.58,0
20.3900,26.69,0
20.3950,26.69,0
20.4000,-2.95,0
20.4050,-2.95,0
20.4100,-2.95,0
20.4150,-6.73,0
20.4200,-6.73,0
20.4250,-22.13,0
20.4300,-22.13,0
20.4350,23.59,0
20.4400,-3.31,0
20.4450,-3.31,0
20.4500,-6.54,0
20.4550,-6.54,0
20.4600,-6.54,0
20.4650,-6.54,0
20.4700,-6.54,0
20.4750,27.65,0
20.4800,-1.74,0
20.4850,-1.74,0
20.4900,-1.74,0
20.4950,-3.51,0
20.5000,32.07,0
20.5050,-22.69,0
20.5100,-22.69,0
20.5150,-22.69,0
20.5200,-22.69,0
20.5250,-1.30,0
20.5300,-1.30,0
20.5350,-22.13,0
20.5400,-5.73,0
20.5450,-26.04,0
20.5500,-26.04,0
20.5550,23.50,0
20.5600,23.50,0
20.5650,23.50,0
20.5700,-6.73,0
20.5750,-6.73,0
20.5800,-6.73,0
20.5850,32.65,0
20.5900,32.65,0
20.5950,28.41,0
20.6000,28.41,0
20.6050,-4.41,0
20.6100,-4.41,0
20.6150,-3.52,0
20.6200,-3.52,0
20.6250,34.61,0
20.6300,34.61,0
20.6350,-23.52,0
20.6400,-5.73,0
20.6450,-1.89,0
20.6500,-9.74,0
20.6550,-9.74,0
20.6600,30.96,0
20.6650,30.96,0
20.6700,-27.14,0
20.6750,-27.14,0
20.6800,27.10,0
20.6850,27.10,0
20.6900,-4.78,0
20.6950,-4.78,0
20.7000,32.11,0
20.7050,32.11,0
20.7100,32.11,0
20.7150,32.11,0
20.7200,32.11,0
20.7250,32.11,0
20.7300,-4.79,0
20.7350,-4.79,0
20.7400,-4.79,0
20.7450,-4.79,0
20.7500,-20.57,0
20.7550,-20.57,0
20.7600,27.57,0
20.7650,27.57,0
20.7700,1.48,0
20.7750,1.48,0
20.7800,-4.67,0
20.7850,-4.67,0
20.7900,31.99,0
20.7950,31.99,0
20.8000,24.43,0
20.8050,24.43,0
20.8100,-29.69,0
20.8150,-4.75,0
20.8200,33.78,0
20.8250,33.78,0
20.8300,-23.46,0
20.8350,-23.46,0
20.8400,15.80,0
20.8450,0.78,0
20.8500,0.78,0
20.8550,0.78,0
20.8600,-3.56,0
20.8650,29.21,0
20.8700,29.21,0
20.8750,-24.17,0
20.8800,-4.11,0
20.8850,-4.11,0
20.8900,-4.11,0
20.8950,-4.30,0
20.9000,-4.30,0
20.9050,-4.30,0
20.9100,-4.30,0
20.9150,32.82,0
20.9200,32.82,0
20.9250,28.14,0
20.9300,-4.75,0
20.9350,-7.05,0
20.9400,-7.05,0
20.9450,31.03,0
20.9500,-24.52,0
20.9550,-24.52,0
20.9600,-24.52,0
20.9650,-24.52,0
20.9700,-24.52,0
20.9750,-0.26,0
20.9800,-0.26,0
20.9850,35.66,0
20.9900,32.05,0
20.9950,32.05,0
21.0000,-24.91,0
21.0050,-24.91,0
21.0100,-24.91,0
21.0150,-26.36,0
21.0200,-6.85,0
21.0250,-6.85,0
21.0300,-27.40,0
21.0350,-27.40,0
21.0400,-27.40,0
21.0450,-27.40,0
21.0500,28.92,0
21.0550,28.92,0
21.0600,-4.92,0
21.0650,-4.92,0
21.0700,32.28,0
21.0750,32.28,0
21.0800,25.33,0
21.0850,25.33,0
21.0900,25.33,0
21.0950,-1.86,0
21.1000,-1.86,0
21.1050,-20.03,0
21.1100,29.25,0
21.1150,-37.87,0
21.1200,-23.18,0
21.1250,-23.18,0
21.1300,-23.18,0
21.1350,29.25,0
21.1400,-6.81,0
21.1450,-6.81,0
21.1500,-6.81,0
21.1550,-25.70,0
21.1600,-25.70,0
21.1650,24.45,0
21.1700,24.45,0
21.1750,24.45,0
21.1800,-6.18,0
21.1850,9.53,0
21.1900,-6.18,0
21.1950,33.22,0
21.2000,25.24,0
21.2050,-20.89,0
21.2100,25.24,0
21.2150,-1.83,0
21.2200,-21.97,0
21.2250,-21.97,0
21.2300,-21.97,0
21.2350,-14.89,0
21.2400,16.41,0
21.2450,16.41,0
21.2500,-20.99,0
21.2550,-20.99,0
21.2600,34.78,0
21.2650,34.78,0
21.2700,10.60,0
21.2750,10.60,0
21.2800,10.60,0
21.2850,10.60,0
21.2900,0.38,0
21.2950,-20.61,0
21.3000,34.22,0
21.3050,34.22,0
21.3100,10.02,0
21.3150,10.02,0
21.3200,18.56,0
21.3250,18.56,0
21.3300,18.56,0
21.3350,18.56,0
21.3400,34.94,0
21.3450,34.94,0
21.3500,34.22,0
21.3550,-13.78,0
21.3600,-13.78,0
21.3650,13.37,0
21.3700,-24.28,0
21.3750,32.01,0
21.3800,-24.28,0
21.3850,-24.28,0
21.3900,-16.22,0
21.3950,-16.22,0
21.4000,11.96,0
21.4050,11.96,0
21.4100,-23.04,0
21.4150,-33.27,0
21.4200,37.69,0
21.4250,37.69,0
21.4300,37.69,0
21.4350,-10.30,0
21.4400,30.13,0
21.4450,11.32,0
21.4500,-16.22,0
21.4550,22.13,0
21.4600,16.40,0
21.4650,33.73,0
21.4700,33.73,0
21.4750,-14.33,0
21.4800,16.40,0
21.4850,16.40,0
21.4900,16.40,0
21.4950,-22.81,0
21.5000,-22.81,0
21.5050,-22.81,0
21.5100,-22.81,0
21.5150,-15.91,0
21.5200,-15.91,0
21.5250,10.27,0
21.5300,13.45,0
21.5350,-23.35,0
21.5400,35.94,0
21.5450,35.94,0
21.5500,35.94,0
21.5550,35.94,0
21.5600,10.92,0
21.5650,10.92,0
21.5700,10.92,0
21.5750,10.92,0
21.5800,10.92,0
21.5850,-18.31,0
21.5900,33.66,0
21.5950,-15.66,0
21.6000,-15.66,0
21.6050,15.69,0
21.6100,17.88,0
21.6150,17.88,0
21.6200,-22.31,0
21.6250,-22.31,0
21.6300,-11.47,0
21.6350,-11.47,0
21.6400,11.98,0
21.6450,11.98,0
21.6500,16.51,0
21.6550,16.51,0
21.6600,33.45,0
21.6650,-22.87,0
21.6700,-1.78,0
21.6750,36.97,0
21.6800,36.97,0
21.6850,7.99,0
21.6900,16.86,0
21.6950,16.86,0
21.7000,-18.23,0
21.7050,30.91,0
21.7100,-15.91,0
21.7150,-15.91,0
21.7200,-15.91,0
21.7250,-15.91,0
21.7300,-15.91,0
21.7350,17.91,0
21.7400,31.22,0
21.7450,-21.40,0
21.7500,-21.40,0
21.7550,-24.22,0
21.7600,20.06,0
21.7650,12.64,0
21.7700,12.64,0
21.7750,16.99,0
21.7800,16.99,0
21.7850,16.99,0
21.7900,16.99,0
21.7950,34.20,0
21.8000,12.48,0
21.8050,12.48,0
21.8100,16.71,0
21.8150,16.71,0
21.8200,-21.01,0
21.8250,-21.01,0
21.8300,-21.01,0
21.8350,33.81,0
21.8400,33.81,0
21.8450,-12.81,0
21.8500,-12.81,0
21.8550,17.75,0
21.8600,17.75,0
21.8650,-21.31,0
21.8700,-21.31,0
21.8750,-14.61,0
21.8800,-14.61,0
21.8850,11.64,0
21.8900,11.64,0
21.8950,11.64,0
21.9000,11.64,0
21.9050,-22.55,0
21.9100,-22.55,0
21.9150,35.46,0
21.9200,35.46,0
21.9250,8.85,0
21.9300,8.85,0
21.9350,26.11,0
21.9400,18.69,0
21.9450,18.69,0
21.9500,33.80,0
21.9550,33.80,0
21.9600,33.80,0
21.9650,-16.61,0
21.9700,-21.80,0
21.9750,17.30,0
21.9800,17.30,0
21.9850,17.30,0
21.9900,17.30,0
21.9950,17.30,0
22.0000,17.30,1
22.0050,-13.21,0
22.0100,9.95,0
22.0150,9.95,0
22.0200,9.95,0
22.0250,9.95,0
22.0300,18.93,0
22.0350,18.93,0
22.0400,18.93,0
22.0450,31.50,0
22.0500,31.50,0
22.0550,31.50,0
22.0600,31.50,0
22.0650,8.45,0
22.0700,23.67,0
22.0750,3.04,0
22.0800,3.04,0
22.0850,32.66,0
22.0900,-19.17,0
22.0950,-19.17,0
22.1000,-28.28,0
22.1050,-19.17,0
22.1100,-9.95,0
22.1150,1.27,0
22.1200,-8.17,0
22.1250,-8.17,0
22.1300,-24.04,0
22.1350,-24.04,0
22.1400,22.51,0
22.1450,34.32,0
22.1500,-1.30,0
22.1550,-1.30,0
22.1600,-8.58,0
22.1650,-8.58,0
22.1700,34.64,0
22.1750,26.45,0
22.1800,23.73,0
22.1850,23.73,0
22.1900,0.62,0
22.1950,0.62,0
22.2000,0.62,0
22.2050,-7.69,0
22.2100,-7.69,0
22.2150,-21.59,0
22.2200,-21.59,0
22.2250,-21.59,0
22.2300,-21.59,0
22.2350,-21.59,0
22.2400,-1.19,0
22.2450,-1.19,0
22.2500,-7.40,0
22.2550,-7.40,0
22.2600,-24.04,0
22.2650,-7.40,0
22.2700,19.42,0
22.2750,-0.22,0
22.2800,-7.40,0
22.2850,37.39,0
22.2900,37.39,0
22.2950,31.88,0
22.3000,37.39,0
22.3050,25.11,0
22.3100,25.11,0
22.3150,0.69,0
22.3200,19.26,0
22.3250,30.37,0
22.3300,30.37,0
22.3350,-25.52,0
22.3400,-25.52,0
22.3450,29.28,0
22.3500,29.28,0
22.3550,-2.68,0
22.3600,-2.68,0
22.3650,-7.29,0
22.3700,-7.29,0
22.3750,-24.13,0
22.3800,-24.13,0
22.3850,21.51,0
22.3900,21.51,0
22.3950,-7.67,0
22.4000,-7.67,0
22.4050,35.69,0
22.4100,35.69,0
22.4150,35.69,0
22.4200,35.69,0
22.4250,24.51,0
22.4300,24.51,0
22.4350,3.00,0
22.4400,3.00,0
22.4450,32.31,0
22.4500,32.31,0
22.4550,-25.47,0
22.4600,-25.47,0
22.4650,26.01,0
22.4700,26.01,0
22.4750,-8.57,0
22.4800,-8.57,0
22.4850,-8.57,0
22.4900,-8.57,0
22.4950,-8.57,0
22.5000,3.36,0
22.5050,-8.57,0
22.5100,-23.01,0
22.5150,24.51,0
22.5200,-8.70,0
22.5250,-8.70,0
22.5300,32.82,0
22.5350,32.82,0
22.5400,9.90,0
22.5450,19.07,0
22.5500,-7.36,0
22.5550,25.98,0
22.5600,0.93,0
22.5650,0.93,0
22.5700,33.78,0
22.5750,33.78,0
22.5800,-24.54,0
22.5850,-24.54,0
22.5900,25.36,0
22.5950,25.36,0
22.6000,0.07,0
22.6050,0.07,0
22.6100,-6.40,0
22.6150,34.52,0
22.6200,-23.01,0
22.6250,26.09,0
22.6300,26.09,0
22.6350,-11.54,0
22.6400,-11.54,0
22.6450,-11.54,0
22.6500,34.03,0
22.6550,34.03,0
22.6600,34.03,0
22.6650,4.09,0
22.6700,24.23,0
22.6750,24.23,0
22.6800,24.23,0
22.6850,24.23,0
22.6900,-11.54,0
22.6950,-24.18,0
22.7000,-24.18,0
22.7050,-24.18,0
22.7100,-24.18,0
22.7150,-24.18,0
22.7200,-0.16,0
22.7250,-0.16,0
22.7300,-6.22,0
22.7350,-26.09,0
22.7400,26.79,0
22.7450,-26.09,0
22.7500,24.20,0
22.7550,24.20,0
22.7600,24.23,0
22.7650,-8.49,0
22.7700,-8.49,0
22.7750,52.52,0
22.7800,-10.56,0
22.7850,24.47,0
22.7900,24.47,0
22.7950,4.81,0
22.8000,4.81,0
22.8050,-7.63,0
22.8100,-7.63,0
22.8150,32.72,0
22.8200,32.72,0
22.8250,-24.86,0
22.8300,-24.86,0
22.8350,0.90,0
22.8400,0.90,0
22.8450,-13.58,0
22.8500,-13.58,0
22.8550,9.45,0
22.8600,9.45,0
22.8650,9.45,0
22.8700,9.45,0
22.8750,9.45,0
22.8800,-24.81,0
22.8850,-24.81,0
22.8900,34.51,0
22.8950,8.09,0
22.9000,8.09,0
22.9050,8.09,0
22.9100,21.77,0
22.9150,21.77,0
22.9200,21.77,0
22.9250,-8.95,0
22.9300,-25.32,0
22.9350,21.77,0
22.9400,34.68,0
22.9450,19.04,0
22.9500,19.04,0
22.9550,-21.98,0
22.9600,32.42,0
22.9650,35.79,0
22.9700,35.79,0
22.9750,35.79,0
22.9800,12.12,0
22.9850,12.12,0
22.9900,12.12,0
22.9950,12.12,0
23.0000,-20.71,0
23.0050,-20.71,0
23.0100,-0.62,0
23.0150,-20.71,0
23.0200,-20.71,0
23.0250,-20.71,0
23.0300,-8.28,0
23.0350,19.36,0
23.0400,19.36,0
23.0450,35.39,0
23.0500,35.39,0
23.0550,-18.35,0
23.0600,-18.35,0
23.0650,18.32,0
23.0700,18.32,0
23.0750,-22.83,0
23.0800,-22.83,0
23.0850,-22.83,0
23.0900,-22.83,0
23.0950,-13.86,0
23.1000,-13.86,0
23.1050,10.54,0
23.1100,3.27,0
23.1150,-23.56,0
23.1200,-23.56,0
23.1250,34.67,0
23.1300,34.67,0
23.1350,-9.23,0
23.1400,-14.06,0
23.1450,-14.06,0
23.1500,5.40,0
23.1550,21.64,0
23.1600,21.64,0
23.1650,21.64,0
23.1700,21.64,0
23.1750,21.64,0
23.1800,32.44,0
23.1850,19.02,0
23.1900,26.67,0
23.1950,19.02,0
23.2000,-25.84,0
23.2050,-25.84,0
23.2100,-25.84,0
23.2150,-25.84,0
23.2200,18.24,0
23.2250,9.97,0
23.2300,9.97,0
23.2350,9.97,0
23.2400,-21.23,0
23.2450,-12.22,0
23.2500,35.37,0
23.2550,35.37,0
23.2600,9.97,0
23.2650,35.37,0
23.2700,7.00,0
23.2750,7.00,0
23.2800,20.23,0
23.2850,20.23,0
23.2900,33.21,0
23.2950,33.21,0
23.3000,-10.52,0
23.3050,-10.52,0
23.3100,7.29,0
23.3150,21.10,0
23.3200,21.10,0
23.3250,-23.22,0
23.3300,-23.22,0
23.3350,-10.90,0
23.3400,-10.90,0
23.3450,-10.90,0
23.3500,8.25,0
23.3550,8.25,0
23.3600,21.04,0
23.3650,8.25,0
23.3700,-21.56,0
23.3750,-21.56,0
23.3800,-10.52,0
23.3850,18.90,0
23.3900,9.68,0
23.3950,-22.47,0
23.4000,18.20,0
23.4050,27.69,0
23.4100,27.69,0
23.4150,27.69,0
23.4200,-11.86,0
23.4250,-11.86,0
23.4300,-11.86,0
23.4350,-11.86,0
23.4400,19.12,0
23.4450,19.12,0
23.4500,-22.71,0
23.4550,-21.79,0
23.4600,-21.79,0
23.4650,-21.79,0
23.4700,34.56,0
23.4750,34.56,0
23.4800,-20.86,0
23.4850,-20.86,0
23.4900,-20.86,0
23.4950,36.46,0
23.5000,36.46,0
23.5050,36.46,0
23.5100,7.48,0
23.5150,7.48,0
23.5200,20.09,0
23.5250,20.09,0
23.5300,31.29,0
23.5350,31.29,0
23.5400,33.50,0
23.5450,31.29,0
23.5500,31.29,0
23.5550,31.29,0
23.5600,20.12,0
23.5650,-11.67,0
23.5700,-23.46,0
23.5750,-23.46,0
23.5800,-12.59,0
23.5850,-12.59,0
23.5900,9.88,0
23.5950,9.88,0
23.6000,9.88,0
23.6050,-24.10,0
23.6100,-24.10,0
23.6150,-24.10,0
23.6200,34.96,0
23.6250,34.96,0
23.6300,7.35,0
23.6350,7.35,0
23.6400,22.23,0
23.6450,-12.91,0
23.6500,22.23,0
23.6550,22.23,0
23.6600,30.27,0
23.6650,35.52,0
23.6700,35.52,0
23.6750,-29.53,0
23.6800,33.85,0
23.6850,23.02,0
23.6900,23.02,0
23.6950,1.56,0
23.7000,1.56,0
23.7050,-12.92,0
23.7100,-12.92,0
23.7150,-26.04,0
23.7200,-26.04,0
23.7250,23.08,0
23.7300,23.08,0
23.7350,-12.69,0
23.7400,-12.69,0
23.7450,35.49,0
23.7500,35.49,0
23.7550,35.49,0
23.7600,35.49,0
23.7650,35.49,0
23.7700,20.44,0
23.7750,20.44,0
23.7800,1.56,0
23.7850,-22.97,0
23.7900,34.21,0
23.7950,34.21,0
23.8000,-21.05,0
23.8050,24.91,0
23.8100,24.91,0
23.8150,4.05,0
23.8200,4.05,0
23.8250,4.05,0
23.8300,-8.39,0
23.8350,-8.39,0
23.8400,-24.96,0
23.8450,-24.96,0
23.8500,25.05,0
23.8550,25.05,0
23.8600,24.91,0
23.8650,-12.60,0
23.8700,-12.60,0
23.8750,-22.80,0
23.8800,-12.60,0
23.8850,-12.60,0
23.8900,18.95,0
23.8950,7.46,0
23.9000,7.46,0
23.9050,7.46,0
23.9100,7.46,0
23.9150,7.46,0
23.9200,-9.57,0
23.9250,-9.57,0
23.9300,21.34,0
23.9350,1.92,0
23.9400,1.92,0
23.9450,1.92,0
23.9500,-13.26,0
23.9550,-13.26,0
23.9600,-21.72,0
23.9650,-21.72,0
23.9700,19.76,0
23.9750,19.76,0
23.9800,1.80,0
23.9850,1.80,0
23.9900,-14.21,0
23.9950,-14.21,0
24.0000,33.26,0
24.0050,13.69,0
24.0100,20.86,0
24.0150,-21.92,0
24.0200,4.29,0
24.0250,4.29,0
24.0300,4.29,0
24.0350,4.29,0
24.0400,4.29,0
24.0450,19.76,0
24.0500,-21.90,0
24.0550,-23.86,0
24.0600,5.30,0
24.0650,5.30,0
24.0700,-12.35,0
24.0750,-12.35,0
24.0800,31.99,0
24.0850,-21.73,0
24.0900,-21.73,0
24.0950,24.56,0
24.1000,24.56,0
24.1050,-10.18,0
24.1100,-20.99,0
24.1150,-10.18,0
24.1200,33.05,0
24.1250,-23.76,0
24.1300,-23.76,0
24.1350,-23.76,0
24.1400,21.04,0
24.1450,21.04,0
24.1500,4.60,0
24.1550,35.10,0
24.1600,35.10,0
24.1650,-21.21,0
24.1700,-21.21,0
24.1750,21.57,0
24.1800,21.57,0
24.1850,-12.20,0
24.1900,-12.20,0
24.1950,-12.20,0
24.2000,-12.20,0
24.2050,-29.84,0
24.2100,3.95,0
24.2150,21.40,0
24.2200,21.40,0
24.2250,-12.76,0
24.2300,-12.76,0
24.2350,34.01,0
24.2400,34.01,0
24.2450,34.01,0
24.2500,34.01,0
24.2550,22.55,0
24.2600,25.81,0
24.2650,33.03,0
24.2700,2.21,0
24.2750,-12.70,0
24.2800,-12.70,0
24.2850,-12.70,0
24.2900,-23.47,0
24.2950,23.71,0
24.3000,23.71,0
24.3050,23.71,0
24.3100,9.50,0
24.3150,9.50,0
24.3200,-10.39,0
24.3250,-10.39,0
24.3300,-21.82,0
24.3350,19.94,0
24.3400,19.94,0
24.3450,-13.61,0
24.3500,-13.61,0
24.3550,-13.61,0
24.3600,5.06,0
24.3650,-13.61,0
24.3700,-13.61,0
24.3750,-13.61,0
24.3800,23.91,0
24.3850,23.91,0
24.3900,3.25,0
24.3950,3.25,0
24.4000,33.88,0
24.4050,33.88,0
24.4100,-22.00,0
24.4150,-22.00,0
24.4200,-22.00,0
24.4250,-22.00,0
24.4300,-22.00,0
24.4350,-12.72,0
24.4400,-12.72,0
24.4450,34.22,0
24.4500,34.22,0
24.4550,34.22,0
24.4600,19.58,0
24.4650,19.58,0
24.4700,19.58,0
24.4750,-12.03,0
24.4800,-12.03,0
24.4850,-12.03,0
24.4900,-12.03,0
24.4950,-23.55,0
24.5000,6.51,0
24.5050,30.90,0
24.5100,2.42,0
24.5150,30.90,0
24.5200,30.90,0
24.5250,-25.05,0
24.5300,30.90,0
24.5350,5.30,0
24.5400,21.35,0
24.5450,-22.96,0
24.5500,-22.96,0
24.5550,-11.80,0
24.5600,-11.80,0
24.5650,7.42,0
24.5700,7.42,0
24.5750,7.42,0
24.5800,-14.38,0
24.5850,23.94,0
24.5900,34.12,0
24.5950,34.12,0
24.6000,34.12,0
24.6050,4.75,0
24.6100,4.75,0
24.6150,18.99,0
24.6200,18.99,0
24.6250,28.82,0
24.6300,28.82,0
24.6350,-6.33,0
24.6400,-6.33,0
24.6450,-6.33,0
24.6500,-6.33,0
24.6550,23.58,0
24.6600,-11.87,0
24.6650,-23.05,0
24.6700,31.97,0
24.6750,18.99,0
24.6800,-9.55,0
24.6850,23.95,0
24.6900,-9.55,0
24.6950,4.22,0
24.7000,4.22,0
24.7050,-26.21,0
24.7100,-26.21,0
24.7150,31.98,0
24.7200,31.98,0
24.7250,31.98,0
24.7300,31.98,0
24.7350,31.98,0
24.7400,31.98,0
24.7450,-11.18,0
24.7500,-22.89,0
24.7550,-22.89,0
24.7600,-8.47,0
24.7650,-8.47,0
24.7700,-8.47,0
24.7750,36.48,0
24.7800,6.39,0
24.7850,-23.19,0
24.7900,-23.19,0
24.7950,-23.19,0
24.8000,-23.19,0
24.8050,-8.51,0
24.8100,-8.51,0
24.8150,-8.51,0
24.8200,-8.51,0
24.8250,22.93,0
24.8300,31.44,0
24.8350,31.44,0
24.8400,31.44,0
24.8450,31.44,0
24.8500,-10.50,0
24.8550,-10.50,0
24.8600,-27.11,0
24.8650,-8.51,0
24.8700,30.20,0
24.8750,30.20,0
24.8800,-8.95,0
24.8850,-8.95,0
24.8900,24.84,0
24.8950,-8.95,0
24.9000,-8.95,0
24.9050,-8.95,0
24.9100,-25.62,0
24.9150,-25.62,0
24.9200,-27.11,0
24.9250,7.99,0
24.9300,-10.18,0
24.9350,3.64,0
24.9400,3.64,0
24.9450,22.54,0
24.9500,22.54,0
24.9550,-25.09,0
24.9600,-25.09,0
24.9650,30.49,0
24.9700,30.49,0
24.9750,30.49,0
24.9800,30.49,0
24.9850,1.64,0
24.9900,1.64,0
24.9950,-27.18,0
25.0000,-27.18,0
25.0050,35.38,0
25.0100,35.38,0
25.0150,-5.90,0
25.0200,-5.90,0
25.0250,26.60,0
25.0300,26.60,0
25.0350,-24.90,0
25.0400,-24.90,0
25.0450,31.41,0
25.0500,31.41,0
25.0550,-9.86,0
25.0600,-9.86,0
25.0650,2.53,0
25.0700,2.53,0
25.0750,-23.39,0
25.0800,-23.39,0
25.0850,33.72,0
25.0900,33.72,0
25.0950,-9.61,0
25.1000,-9.61,0
25.1050,23.35,0
25.1100,23.35,0
25.1150,23.35,0
25.1200,32.07,0
25.1250,32.07,0
25.1300,32.07,0
25.1350,-9.22,0
25.1400,-9.22,0
25.1450,-23.39,0
25.1500,23.29,0
25.1550,-23.37,0
25.1600,-23.37,0
25.1650,-23.37,0
25.1700,-23.37,0
25.1750,-7.73,0
25.1800,-7.73,0
25.1850,6.53,0
25.1900,6.53,0
25.1950,-25.67,0
25.2000,-25.67,0
25.2050,32.47,0
25.2100,32.47,0
25.2150,-10.26,0
25.2200,2.83,0
25.2250,2.83,0
25.2300,25.40,0
25.2350,25.40,0
25.2400,25.40,0
25.2450,29.52,0
25.2500,29.52,0
25.2550,-9.18,0
25.2600,1.16,0
25.2650,1.16,0
25.2700,24.48,0
25.2750,24.48,0
25.2800,-25.29,0
25.2850,-25.29,0
25.2900,34.08,0
25.2950,-25.29,0
25.3000,34.08,0
25.3050,34.08,0
25.3100,-18.63,0
25.3150,-18.63,0
25.3200,-16.19,0
25.3250,-16.19,0
25.3300,-14.63,0
25.3350,-16.19,0
25.3400,35.51,0
25.3450,-26.88,0
25.3500,35.51,0
25.3550,35.51,0
25.3600,20.99,0
25.3650,20.99,0
25.3700,36.93,0
25.3750,28.43,0
25.3800,36.93,0
25.3850,-20.79,0
25.3900,-20.79,0
25.3950,-20.79,0
25.4000,-20.79,0
25.4050,9.04,0
25.4100,9.04,0
25.4150,-14.83,0
25.4200,-14.83,0
25.4250,-21.96,0
25.4300,-21.96,0
25.4350,-21.96,0
25.4400,-21.96,0
25.4450,35.51,0
25.4500,-21.96,0
25.4550,-16.86,0
25.4600,-16.86,0
25.4650,36.54,0
25.4700,36.54,0
25.4750,18.81,0
25.4800,8.67,0
25.4850,8.67,0
25.4900,-16.87,0
25.4950,-16.87,0
25.5000,34.98,0
25.5050,34.98,0
25.5100,34.98,0
25.5150,-17.80,0
25.5200,25.94,0
25.5250,5.42,0
25.5300,-13.84,0
25.5350,-13.84,0
25.5400,-13.84,0
25.5450,35.93,0
25.5500,-21.17,0
25.5550,-21.17,0
25.5600,19.15,0
25.5650,19.15,0
25.5700,-18.86,0
25.5750,-15.14,0
25.5800,37.79,0
25.5850,37.79,0
25.5900,-19.06,0
25.5950,-19.06,0
25.6000,11.04,0
25.6050,11.04,0
25.6100,11.04,0
25.6150,11.04,0
25.6200,36.19,0
25.6250,36.19,0
25.6300,-21.34,0
25.6350,-21.34,0
25.6400,-21.34,0
25.6450,-21.34,0
25.6500,17.55,0
25.6550,17.55,0
25.6600,-20.86,0
25.6650,-20.86,0
25.6700,-20.86,0
25.6750,37.79,0
25.6800,18.19,0
25.6850,18.19,0
25.6900,18.19,0
25.6950,-18.29,0
25.7000,33.68,0
25.7050,33.68,0
25.7100,33.68,0
25.7150,-20.76,0
25.7200,-20.76,0
25.7250,8.76,0
25.7300,8.76,0
25.7350,8.76,0
25.7400,-15.24,0
25.7450,32.78,0
25.7500,32.78,0
25.7550,32.78,0
25.7600,32.78,0
25.7650,-17.14,0
25.7700,-17.14,0
25.7750,-17.33,0
25.7800,-17.33,0
25.7850,-17.33,0
25.7900,-18.23,0
25.7950,-18.23,0
25.8000,-20.76,0
25.8050,-18.23,0
25.8100,7.90,0
25.8150,7.90,0
25.8200,35.72,0
25.8250,35.72,0
25.8300,35.72,0
25.8350,35.72,0
25.8400,14.02,0
25.8450,14.02,0
25.8500,7.39,0
25.8550,7.39,0
25.8600,34.52,0
25.8650,34.52,0
25.8700,-24.63,0
25.8750,34.52,0
25.8800,34.52,0
25.8850,-21.68,0
25.8900,34.52,0
25.8950,34.52,0
25.9000,10.33,0
25.9050,10.33,0
25.9100,-16.30,0
25.9150,-16.30,0
25.9200,14.05,0
25.9250,14.05,0
25.9300,12.30,0
25.9350,12.30,0
25.9400,-16.86,0
25.9450,-16.86,0
25.9500,38.21,0
25.9550,15.34,0
25.9600,15.34,0
25.9650,10.00,0
25.9700,10.00,0
25.9750,10.00,0
25.9800,10.00,0
25.9850,35.79,0
25.9900,35.79,0
25.9950,-16.62,0
26.0000,-16.62,0
26.0050,-16.62,0
26.0100,8.26,0
26.0150,8.26,0
26.0200,-14.32,0
26.0250,-14.32,0
26.0300,-14.32,0
26.0350,-14.32,0
26.0400,-19.71,0
26.0450,-19.71,0
26.0500,17.63,0
26.0550,17.63,0
26.0600,-19.14,0
26.0650,-19.14,0
26.0700,38.00,0
26.0750,38.00,0
26.0800,-18.99,0
26.0850,-17.41,0
26.0900,-18.99,0
26.0950,-17.46,0
26.1000,-17.46,0
26.1050,33.37,0
26.1100,33.37,0
26.1150,29.97,0
26.1200,29.97,0
26.1250,-27.57,0
26.1300,-27.57,0
26.1350,-27.57,0
26.1400,-27.57,0
26.1450,-10.25,0
26.1500,-10.25,0
26.1550,1.52,0
26.1600,1.52,0
26.1650,-27.14,0
26.1700,-27.14,0
26.1750,-27.14,0
26.1800,27.81,0
26.1850,27.81,0
26.1900,-8.89,0
26.1950,-3.24,0
26.2000,-3.24,0
26.2050,-3.24,0
26.2100,-3.24,0
26.2150,-25.30,0
26.2200,-25.30,0
26.2250,-25.30,0
26.2300,-5.93,0
26.2350,-5.93,0
26.2400,28.10,0
26.2450,28.10,0
26.2500,28.10,0
26.2550,28.10,0
26.2600,-19.59,0
26.2650,28.10,0
26.2700,-6.04,0
26.2750,-6.04,0
26.2800,0.28,0
26.2850,0.28,0
26.2900,27.43,0
26.2950,27.43,0
26.3000,27.43,0
26.3050,-5.31,0
26.3100,-5.31,0
26.3150,-1.08,0
26.3200,-1.08,0
26.3250,17.15,0
26.3300,31.59,0
26.3350,31.59,0
26.3400,31.59,0
26.3450,31.59,0
26.3500,-26.00,0
26.3550,33.19,0
26.3600,33.19,0
26.3650,33.19,0
26.3700,33.19,0
26.3750,33.19,0
26.3800,-25.99,0
26.3850,-4.52,0
26.3900,-4.52,0
26.3950,-0.60,0
26.4000,-0.60,0
26.4050,29.30,0
26.4100,29.30,0
26.4150,29.16,0
26.4200,29.16,0
26.4250,29.16,0
26.4300,29.16,0
26.4350,29.16,0
26.4400,-3.77,0
26.4450,-3.77,0
26.4500,-25.97,0
26.4550,44.17,0
26.4600,29.82,0
26.4650,29.82,0
26.4700,29.82,0
26.4750,29.82,0
26.4800,-1.62,0
26.4850,-1.62,0
26.4900,27.80,0
26.4950,27.80,0
26.5000,-23.34,0
26.5050,-23.34,0
26.5100,-1.30,0
26.5150,0.93,0
26.5200,-0.95,0
26.5250,-0.95,0
26.5300,-0.95,0
26.5350,-24.35,0
26.5400,-24.35,0
26.5450,28.89,0
26.5500,28.89,0
26.5550,-1.32,0
26.5600,-4.29,0
26.5650,27.77,0
26.5700,27.77,0
26.5750,-24.02,0
26.5800,-24.02,0
26.5850,26.79,0
26.5900,26.79,0
26.5950,-7.27,0
26.6000,12.62,0
26.6050,28.34,0
26.6100,28.34,0
26.6150,-21.55,0
26.6200,-1.29,0
26.6250,26.95,0
26.6300,-21.36,0
26.6350,-1.04,0
26.6400,-1.04,0
26.6450,-1.04,0
26.6500,-1.04,0
26.6550,-26.81,0
26.6600,-26.81,0
26.6650,-25.55,0
26.6700,29.43,0
26.6750,29.43,0
26.6800,-2.45,0
26.6850,-2.45,0
26.6900,32.48,0
26.6950,32.48,0
26.7000,35.81,0
26.7050,27.58,0
26.7100,-21.64,0
26.7150,-3.69,0
26.7200,-3.69,0
26.7250,-3.69,0
26.7300,30.49,0
26.7350,30.49,0
26.7400,30.49,0
26.7450,30.49,0
26.7500,30.49,0
26.7550,30.49,0
26.7600,28.18,0
26.7650,-6.04,0
26.7700,0.10,0
26.7750,0.10,0
26.7800,0.10,0
26.7850,-2.93,0
26.7900,0.10,0
26.7950,0.10,0
26.8000,0.10,0
26.8050,0.10,0
26.8100,-4.60,0
26.8150,-24.80,0
26.8200,30.44,0
26.8250,26.23,0
26.8300,26.23,0
26.8350,26.23,0
26.8400,-21.96,0
26.8450,0.25,0
26.8500,0.25,0
26.8550,31.48,0
26.8600,31.48,0
26.8650,31.48,0
26.8700,-27.47,0
26.8750,-27.47,0
26.8800,-2.89,0
26.8850,-3.65,0
26.8900,-20.98,0
26.8950,-3.65,0
26.9000,31.84,0
26.9050,31.84,0
26.9100,28.87,0
26.9150,25.95,0
26.9200,25.95,0
26.9250,15.11,0
26.9300,-15.82,0
26.9350,-15.82,0
26.9400,14.65,0
26.9450,14.65,0
26.9500,35.10,0
26.9550,11.39,0
26.9600,25.95,0
26.9650,34.97,0
26.9700,34.97,0
26.9750,-14.40,0
26.9800,-14.40,0
26.9850,12.74,0
26.9900,31.30,0
26.9950,-24.54,0
27.0000,-16.17,1
27.0050,-16.17,0
27.0100,-19.80,0
27.0150,-17.26,0
27.0200,-17.26,0
27.0250,10.78,0
27.0300,10.78,0
27.0350,25.52,0
27.0400,-19.81,0
27.0450,-19.81,0
27.0500,33.39,0
27.0550,-15.46,0
27.0600,-15.46,0
27.0650,14.45,0
27.0700,14.45,0
27.0750,13.37,0
27.0800,13.37,0
27.0850,33.29,0
27.0900,33.29,0
27.0950,-13.49,0
27.1000,-13.49,0
27.1050,13.85,0
27.1100,13.85,0
27.1150,14.34,0
27.1200,14.34,0
27.1250,-21.36,0
27.1300,-21.36,0
27.1350,13.37,0
27.1400,-16.65,0
27.1450,-16.65,0
27.1500,11.47,0
27.1550,11.05,0
27.1600,13.70,0
27.1650,13.70,0
27.1700,-20.48,0
27.1750,-20.48,0
27.1800,-19.23,0
27.1850,-19.23,0
27.1900,11.83,0
27.1950,11.83,0
27.2000,18.37,0
27.2050,18.37,0
27.2100,34.44,0
27.2150,-11.71,0
27.2200,-11.71,0
27.2250,-11.71,0
27.2300,-11.71,0
27.2350,17.87,0
27.2400,17.87,0
27.2450,17.87,0
27.2500,17.87,0
27.2550,30.36,0
27.2600,30.36,0
27.2650,12.74,0
27.2700,12.74,0
27.2750,12.74,0
27.2800,12.74,0
27.2850,-21.44,0
27.2900,-21.44,0
27.2950,33.10,0
27.3000,33.10,0
27.3050,33.10,0
27.3100,12.37,0
27.3150,12.37,0
27.3200,13.41,0
27.3250,13.41,0
27.3300,-22.73,0
27.3350,33.61,0
27.3400,33.61,0
27.3450,-13.93,0
27.3500,-13.93,0
27.3550,17.13,0
27.3600,17.13,0
27.3650,-22.34,0
27.3700,-22.34,0
27.3750,33.38,0
27.3800,33.38,0
27.3850,-17.47,0
27.3900,-17.47,0
27.3950,12.73,0
27.4000,12.73,0
27.4050,-23.10,0
27.4100,-23.10,0
27.4150,-20.38,0
27.4200,35.64,0
27.4250,-14.40,0
27.4300,-14.40,0
27.4350,19.28,0
27.4400,17.13,0
27.4450,19.28,0
27.4500,19.28,0
27.4550,31.21,0
27.4600,31.21,0
27.4650,-13.16,0
27.4700,-26.00,0
27.4750,15.40,0
27.4800,15.40,0
27.4850,-19.18,0
27.4900,-19.18,0
27.4950,-4.51,0
27.5000,-19.18,0
27.5050,-19.18,0
27.5100,-15.06,0
27.5150,8.40,0
27.5200,-22.24,0
27.5250,8.40,0
27.5300,-22.43,0
27.5350,-22.43,0
27.5400,35.05,0
27.5450,-14.56,0
27.5500,-14.56,0
27.5550,10.71,0
27.5600,10.71,0
27.5650,19.00,0
27.5700,19.00,0
27.5750,34.79,0
27.5800,34.79,0
27.5850,-13.61,0
27.5900,-13.61,0
27.5950,9.44,0
27.6000,-24.46,0
27.6050,15.09,0
27.6100,15.09,0
27.6150,-21.96,0
27.6200,-21.96,0
27.6250,-13.34,0
27.6300,0.40,0
27.6350,11.07,0
27.6400,11.07,0
27.6450,-21.95,0
27.6500,-21.95,0
27.6550,-21.95,0
27.6600,-13.34,0
27.6650,-21.95,0
27.6700,-21.95,0
27.6750,8.13,0
27.6800,8.13,0
27.6850,15.93,0
27.6900,15.93,0
27.6950,33.03,0
27.7000,33.03,0
27.7050,-10.39,0
27.7100,-10.39,0
27.7150,11.53,0
27.7200,11.53,0
27.7250,18.12,0
27.7300,18.12,0
27.7350,-23.40,0
27.7400,-23.40,0
27.7450,30.74,0
27.7500,30.74,0
27.7550,-21.55,0
27.7600,-21.55,0
27.7650,-21.55,0
27.7700,25.44,0
27.7750,1.27,0
27.7800,1.27,0
27.7850,-8.45,0
27.7900,-8.45,0
27.7950,-8.45,0
27.8000,33.73,0
27.8050,33.73,0
27.8100,25.70,0
27.8150,25.70,0
27.8200,1.91,0
27.8250,1.91,0
27.8300,-7.47,0
27.8350,40.65,0
27.8400,34.01,0
27.8450,-22.06,0
27.8500,-20.62,0
27.8550,25.44,0
27.8600,-0.72,0
27.8650,-8.21,0
27.8700,-8.21,0
27.8750,-1.28,0
27.8800,31.52,0
27.8850,-23.12,0
27.8900,-23.12,0
27.8950,23.86,0
27.9000,23.86,0
27.9050,-8.10,0
27.9100,-8.10,0
27.9150,36.19,0
27.9200,36.19,0
27.9250,26.33,0
27.9300,26.33,0
27.9350,2.51,0
27.9400,9.89,0
27.9450,2.51,0
27.9500,2.51,0
27.9550,2.51,0
27.9600,31.01,0
27.9650,-24.70,0
27.9700,-24.70,0
27.9750,-24.70,0
27.9800,-1.27,0
27.9850,-1.27,0
27.9900,-1.27,0
27.9950,26.33,0
28.0000,-24.49,0
28.0050,-1.27,0
28.0100,-1.27,0
28.0150,-1.27,0
28.0200,-1.27,0
28.0250,-24.56,0
28.0300,-24.56,0
28.0350,-7.88,0
28.0400,-7.88,0
28.0450,20.27,0
28.0500,-11.35,0
28.0550,20.27,0
28.0600,20.27,0
28.0650,20.27,0
28.0700,20.27,0
28.0750,34.66,0
28.0800,34.66,0
28.0850,-25.63,0
28.0900,-25.63,0
28.0950,25.74,0
28.1000,25.74,0
28.1050,-8.41,0
28.1100,-8.41,0
28.1150,-8.41,0
28.1200,-8.41,0
28.1250,-26.57,0
28.1300,-26.57,0
28.1350,24.38,0
28.1400,24.38,0
28.1450,-12.85,0
28.1500,-12.85,0
28.1550,36.01,0
28.1600,34.82,0
28.1650,34.82,0
28.1700,34.82,0
28.1750,23.63,0
28.1800,8.74,0
28.1850,1.73,0
28.1900,1.73,0
28.1950,32.69,0
28.2000,3.87,0
28.2050,-23.43,0
28.2100,-23.43,0
28.2150,23.84,0
28.2200,23.84,0
28.2250,-11.33,0
28.2300,-11.33,0
28.2350,-11.33,0
28.2400,-11.33,0
28.2450,-23.79,0
28.2500,-23.79,0
28.2550,-23.79,0
28.2600,24.32,0
28.2650,24.32,0
28.2700,-11.07,0
28.2750,23.62,0
28.2800,35.17,0
28.2850,35.17,0
28.2900,35.17,0
28.2950,-14.46,0
28.3000,20.00,0
28.3050,2.35,0
28.3100,2.35,0
28.3150,2.35,0
28.3200,33.62,0
28.3250,33.62,0
28.3300,-23.43,0
28.3350,-23.43,0
28.3400,22.45,0
28.3450,22.45,0
28.3500,22.45,0
28.3550,34.55,0
28.3600,34.55,0
28.3650,34.55,0
28.3700,-25.81,0
28.3750,24.07,0
28.3800,-11.05,0
28.3850,1.58,0
28.3900,1.58,0
28.3950,1.58,0
28.4000,-7.07,0
28.4050,36.93,0
28.4100,38.29,0
28.4150,21.44,0
28.4200,21.44,0
28.4250,5.39,0
28.4300,5.39,0
28.4350,-11.95,0
28.4400,-11.95,0
28.4450,-11.95,0
28.4500,34.10,0
28.4550,34.10,0
28.4600,21.40,0
28.4650,21.40,0
28.4700,4.73,0
28.4750,-13.50,0
28.4800,-13.50,0
28.4850,-23.24,0
28.4900,-23.24,0
28.4950,24.03,0
28.5000,-22.92,0
28.5050,24.03,0
28.5100,24.03,0
28.5150,-11.32,0
28.5200,-12.97,0
28.5250,34.61,0
28.5300,34.61,0
28.5350,18.91,0
28.5400,18.91,0
28.5450,2.26,0
28.5500,2.26,0
28.5550,36.90,0
28.5600,2.26,0
28.5650,7.22,0
28.5700,7.22,0
28.5750,23.02,0
28.5800,23.02,0
28.5850,23.02,0
28.5900,23.02,0
28.5950,31.58,0
28.6000,31.58,0
28.6050,8.77,0
28.6100,8.77,0
28.6150,8.77,0
28.6200,8.77,0
28.6250,-25.13,0
28.6300,-23.86,0
28.6350,49.91,0
28.6400,34.61,0
28.6450,34.99,0
28.6500,3.25,0
28.6550,40.64,0
28.6600,-11.83,0
28.6650,22.82,0
28.6700,-23.20,0
28.6750,-23.20,0
28.6800,-9.46,0
28.6850,-9.46,0
28.6900,-23.86,0
28.6950,-9.46,0
28.7000,22.38,0
28.7050,22.38,0
28.7100,-23.04,0
28.7150,-23.04,0
28.7200,-14.57,0
28.7250,-14.57,0
28.7300,7.27,0
28.7350,7.27,0
28.7400,7.27,0
28.7450,7.27,0
28.7500,7.27,0
28.7550,7.27,0
28.7600,29.79,0
28.7650,-21.35,0
28.7700,9.27,0
28.7750,9.27,0
28.7800,23.32,0
28.7850,23.32,0
28.7900,-22.98,0
28.7950,-22.98,0
28.8000,29.40,0
28.8050,-10.29,0
28.8100,-10.29,0
28.8150,22.06,0
28.8200,22.06,0
28.8250,-22.53,0
28.8300,-22.53,0
28.8350,30.40,0
28.8400,30.40,0
28.8450,-12.72,0
28.8500,-12.72,0
28.8550,-19.90,0
28.8600,7.15,0
28.8650,-15.06,0
28.8700,-21.54,0
28.8750,-21.54,0
28.8800,29.82,0
28.8850,29.82,0
28.8900,4.31,0
28.8950,4.31,0
28.9000,4.31,0
28.9050,4.31,0
28.9100,4.31,0
28.9150,4.31,0
28.9200,-15.06,0
28.9250,-11.05,0
28.9300,23.04,0
28.9350,7.64,0
28.9400,-14.31,0
28.9450,7.64,0
28.9500,24.46,0
28.9550,-22.99,0
28.9600,-22.99,0
28.9650,-22.99,0
28.9700,-22.99,0
28.9750,-9.76,0
28.9800,-9.76,0
28.9850,-25.32,0
28.9900,-25.32,0
28.9950,28.96,0
29.0000,28.96,0
29.0050,28.96,0
29.0100,32.77,0
29.0150,4.58,0
29.0200,22.91,0
29.0250,4.58,0
29.0300,22.60,0
29.0350,22.60,0
29.0400,6.11,0
29.0450,32.59,0
29.0500,-23.17,0
29.0550,-8.27,0
29.0600,-23.40,0
29.0650,5.54,0
29.0700,23.83,0
29.0750,23.83,0
29.0800,-24.28,0
29.0850,-24.28,0
29.0900,-24.28,0
29.0950,-9.75,0
29.1000,-11.17,0
29.1050,-11.17,0
29.1100,-24.58,0
29.1150,-24.58,0
29.1200,30.64,0
29.1250,30.64,0
29.1300,30.64,0
29.1350,4.44,0
29.1400,4.44,0
29.1450,4.44,0
29.1500,22.83,0
29.1550,6.00,0
29.1600,28.62,0
29.1650,-7.27,0
29.1700,23.83,0
29.1750,-7.27,0
29.1800,-7.27,0
29.1850,22.58,0
29.1900,22.58,0
29.1950,-25.16,0
29.2000,-25.16,0
29.2050,-11.38,0
29.2100,-28.77,0
29.2150,3.66,0
29.2200,3.66,0
29.2250,3.66,0
29.2300,-20.48,0
29.2350,-23.87,0
29.2400,-23.87,0
29.2450,30.70,0
29.2500,30.70,0
29.2550,4.49,0
29.2600,4.49,0
29.2650,27.97,0
29.2700,27.97,0
29.2750,-23.90,0
29.2800,-23.90,0
29.2850,30.38,0
29.2900,30.38,0
29.2950,30.38,0
29.3000,30.38,0
29.3050,25.35,0
29.3100,25.35,0
29.3150,-24.55,0
29.3200,-24.55,0
29.3250,-11.42,0
29.3300,-11.42,0
29.3350,2.02,0
29.3400,2.02,0
29.3450,2.02,0
29.3500,2.02,0
29.3550,-25.13,0
29.3600,-25.13,0
29.3650,-25.13,0
29.3700,-25.13,0
29.3750,-25.13,0
29.3800,-10.93,0
29.3850,-10.93,0
29.3900,18.79,0
29.3950,18.79,0
29.4000,6.37,0
29.4050,-20.44,0
29.4100,22.13,0
29.4150,36.27,0
29.4200,36.27,0
29.4250,-21.56,0
29.4300,-21.56,0
29.4350,5.33,0
29.4400,5.33,0
29.4450,-11.55,0
29.4500,-11.55,0
29.4550,-11.55,0
29.4600,-11.55,0
29.4650,-25.28,0
29.4700,-25.12,0
29.4750,20.30,0
29.4800,20.30,0
29.4850,36.27,0
29.4900,-14.10,0
29.4950,32.90,0
29.5000,32.90,0
29.5050,32.90,0
29.5100,-24.91,0
29.5150,17.50,0
29.5200,17.50,0
29.5250,8.01,0
29.5300,8.01,0
29.5350,34.62,0
29.5400,34.62,0
29.5450,-20.47,0
29.5500,-20.47,0
29.5550,19.51,0
29.5600,19.51,0
29.5650,-14.25,0
29.5700,-14.25,0
29.5750,-14.25,0
29.5800,-14.25,0
29.5850,-21.17,0
29.5900,-21.17,0
29.5950,-27.81,0
29.6000,-21.17,0
29.6050,-17.78,0
29.6100,-21.17,0
29.6150,-17.78,0
29.6200,35.14,0
29.6250,35.14,0
29.6300,35.14,0
29.6350,35.14,0
29.6400,17.90,0
29.6450,17.90,0
29.6500,8.13,0
29.6550,35.21,0
29.6600,35.21,0
29.6650,35.21,0
29.6700,-16.38,0
29.6750,-16.38,0
29.6800,19.34,0
29.6850,19.34,0
29.6900,9.29,0
29.6950,9.29,0
29.7000,2.70,0
29.7050,-14.44,0
29.7100,-19.71,0
29.7150,19.65,0
29.7200,19.65,0
29.7250,-8.23,0
29.7300,8.86,0
29.7350,-15.78,0
29.7400,-15.78,0
29.7450,34.19,0
29.7500,-14.44,0
29.7550,17.55,0
29.7600,17.55,0
29.7650,6.44,0
29.7700,6.44,0
29.7750,32.26,0
29.7800,32.26,0
29.7850,-19.85,0
29.7900,-19.85,0
29.7950,-19.85,0
29.8000,-19.85,0
29.8050,6.31,0
29.8100,6.31,0
29.8150,-16.52,0
29.8200,19.48,0
29.8250,-16.52,0
29.8300,-20.11,0
29.8350,-20.11,0
29.8400,-7.93,0
29.8450,20.25,0
29.8500,8.84,0
29.8550,8.84,0
29.8600,-13.58,0
29.8650,-24.51,0
29.8700,35.68,0
29.8750,24.71,0
29.8800,-25.32,0
29.8850,18.38,0
29.8900,12.78,0
